order_id,date,region,season,category,sub_category,product_type,sales,cost,profit,inventory_days
ORD10000,2025-04-13,South,Spring,Electronics,Audio,Audio,457.63,274.58,183.05,32
ORD10001,2025-12-15,South,Winter,Home & Kitchen,Appliances,Appliances,898.83,1033.65,-134.82,76
ORD10002,2025-09-28,North,Fall,Clothing,Kids' Wear,Kids' Wear,68.56,41.14,27.42,6
ORD10003,2025-04-17,East,Spring,Clothing,Footwear,Footwear,961.34,576.8,384.54,40
ORD10004,2025-03-13,East,Fall,Electronics,Audio,Audio,559.24,531.28,27.96,51
ORD10005,2025-07-08,West,Spring,Home & Kitchen,Appliances,Appliances,456.96,274.18,182.78,17
ORD10006,2025-01-21,East,Summer,Clothing,Men's Wear,Men's Wear,1321.65,1057.32,264.33,19
ORD10007,2025-04-13,North,Fall,Electronics,Accessories,Accessories,700.8,420.48,280.32,29
ORD10008,2025-05-02,South,Fall,Home & Kitchen,Appliances,Appliances,160.68,96.41,64.27,27
ORD10009,2025-08-03,East,Winter,Clothing,Footwear,Footwear,1243.59,746.15,497.44,26
ORD10010,2025-11-27,West,Fall,Clothing,Kids' Wear,Kids' Wear,90.51,54.31,36.2,30
ORD10011,2025-03-29,East,Fall,Home & Kitchen,Decor,Decor,1095.59,657.35,438.24,37
ORD10012,2025-04-10,North,Summer,Home & Kitchen,Decor,Decor,1165.38,699.23,466.15,15
ORD10013,2025-12-26,West,Fall,Home & Kitchen,Cookware,Cookware,541.85,514.76,27.09,54
ORD10014,2025-06-01,East,Summer,Home & Kitchen,Appliances,Appliances,1240.69,744.41,496.28,29
ORD10015,2025-05-11,West,Summer,Electronics,Smartphones,Smartphones,783.18,626.54,156.64,41
ORD10016,2025-05-30,North,Summer,Home & Kitchen,Cookware,Cookware,705.67,670.39,35.28,87
ORD10017,2025-11-05,South,Summer,Clothing,Footwear,Footwear,87.2,69.76,17.44,42
ORD10018,2025-09-15,North,Spring,Clothing,Footwear,Footwear,449.24,269.54,179.7,28
ORD10019,2025-12-10,North,Winter,Electronics,Smartphones,Smartphones,1397.89,1607.57,-209.68,99
ORD10020,2025-10-21,North,Spring,Clothing,Footwear,Footwear,599.9,359.94,239.96,37
ORD10021,2025-07-11,North,Fall,Clothing,Kids' Wear,Kids' Wear,829.12,497.47,331.65,21
ORD10022,2025-10-04,South,Spring,Home & Kitchen,Cookware,Cookware,807.39,767.02,40.37,68
ORD10023,2025-06-10,South,Spring,Clothing,Footwear,Footwear,893.84,715.07,178.77,41
ORD10024,2025-11-10,West,Fall,Electronics,Audio,Audio,110.77,88.62,22.15,6
ORD10025,2025-01-22,East,Fall,Home & Kitchen,Furniture,Furniture,556.02,333.61,222.41,36
ORD10026,2025-09-10,South,Fall,Home & Kitchen,Appliances,Appliances,1090.23,872.18,218.05,28
ORD10027,2025-08-24,South,Spring,Electronics,Audio,Audio,316.83,190.1,126.73,13
ORD10028,2025-12-11,East,Spring,Home & Kitchen,Furniture,Furniture,321.3,369.5,-48.2,63
ORD10029,2025-02-18,South,Fall,Home & Kitchen,Decor,Decor,34.93,20.96,13.97,21
ORD10030,2025-02-28,North,Winter,Electronics,Smartphones,Smartphones,667.47,634.1,33.37,61
ORD10031,2025-06-19,North,Winter,Home & Kitchen,Furniture,Furniture,1326.45,1061.16,265.29,34
ORD10032,2025-07-07,East,Summer,Electronics,Accessories,Accessories,96.81,91.97,4.84,84
ORD10033,2025-09-28,West,Fall,Electronics,Audio,Audio,302.86,287.72,15.14,55
ORD10034,2025-07-09,West,Summer,Clothing,Kids' Wear,Kids' Wear,478.93,383.14,95.79,25
ORD10035,2025-06-24,East,Winter,Clothing,Men's Wear,Men's Wear,1102.95,661.77,441.18,25
ORD10036,2025-02-20,East,Summer,Home & Kitchen,Cookware,Cookware,968.14,580.88,387.26,22
ORD10037,2025-12-30,North,Fall,Home & Kitchen,Decor,Decor,635.6,381.36,254.24,33
ORD10038,2025-02-24,West,Fall,Electronics,Laptops,Laptops,1143.42,1086.25,57.17,68
ORD10039,2025-09-01,South,Fall,Home & Kitchen,Decor,Decor,922.25,876.14,46.11,54
ORD10040,2025-11-16,North,Spring,Electronics,Accessories,Accessories,1346.14,1076.91,269.23,21
ORD10041,2025-05-11,East,Summer,Electronics,Accessories,Accessories,1230.68,738.41,492.27,22
ORD10042,2025-11-03,West,Winter,Home & Kitchen,Appliances,Appliances,394.16,236.5,157.66,24
ORD10043,2025-05-15,South,Winter,Electronics,Accessories,Accessories,421.73,337.38,84.35,41
ORD10044,2025-01-21,South,Winter,Clothing,Kids' Wear,Kids' Wear,205.53,164.42,41.11,22
ORD10045,2025-11-25,North,Spring,Home & Kitchen,Cookware,Cookware,518.71,492.77,25.94,61
ORD10046,2025-06-16,West,Spring,Clothing,Kids' Wear,Kids' Wear,1499.32,1724.22,-224.9,68
ORD10047,2025-10-01,West,Fall,Home & Kitchen,Furniture,Furniture,620.51,372.31,248.2,18
ORD10048,2025-03-30,East,Winter,Electronics,Smartphones,Smartphones,346.32,277.06,69.26,33
ORD10049,2025-11-12,West,Spring,Home & Kitchen,Cookware,Cookware,1148.47,918.78,229.69,35
ORD10050,2025-01-14,West,Fall,Clothing,Footwear,Footwear,822.86,493.72,329.14,8
ORD10051,2025-08-30,North,Winter,Electronics,Smartphones,Smartphones,241.41,144.85,96.56,22
ORD10052,2025-09-22,West,Summer,Home & Kitchen,Decor,Decor,583.42,350.05,233.37,24
ORD10053,2025-12-12,South,Fall,Home & Kitchen,Cookware,Cookware,633.42,601.75,31.67,87
ORD10054,2025-02-22,North,Spring,Home & Kitchen,Decor,Decor,1135.67,908.54,227.13,13
ORD10055,2025-12-06,North,Spring,Clothing,Footwear,Footwear,50.59,40.47,10.12,17
ORD10056,2025-04-02,East,Fall,Clothing,Footwear,Footwear,418.15,480.87,-62.72,74
ORD10057,2025-09-21,West,Fall,Home & Kitchen,Decor,Decor,786.04,746.74,39.3,71
ORD10058,2025-02-04,East,Spring,Electronics,Laptops,Laptops,417.89,250.73,167.16,19
ORD10059,2025-07-25,South,Summer,Electronics,Smartphones,Smartphones,950.08,760.06,190.02,32
ORD10060,2025-03-22,North,Winter,Clothing,Kids' Wear,Kids' Wear,733.16,586.53,146.63,41
ORD10061,2025-02-19,North,Summer,Electronics,Audio,Audio,555.33,527.56,27.77,63
ORD10062,2025-12-26,North,Fall,Clothing,Men's Wear,Men's Wear,1424.83,1353.59,71.24,70
ORD10063,2025-01-02,South,Summer,Home & Kitchen,Furniture,Furniture,955.6,764.48,191.12,30
ORD10064,2025-02-23,South,Spring,Clothing,Women's Wear,Women's Wear,212.31,127.39,84.92,29
ORD10065,2025-04-16,East,Fall,Clothing,Men's Wear,Men's Wear,848.94,806.49,42.45,70
ORD10066,2025-09-17,East,Winter,Home & Kitchen,Cookware,Cookware,1175.48,705.29,470.19,30
ORD10067,2025-11-06,East,Spring,Electronics,Audio,Audio,1068.56,641.14,427.42,32
ORD10068,2025-07-10,West,Spring,Clothing,Footwear,Footwear,274.69,164.81,109.88,22
ORD10069,2025-08-06,North,Winter,Clothing,Kids' Wear,Kids' Wear,1459.18,875.51,583.67,36
ORD10070,2025-02-13,North,Winter,Home & Kitchen,Appliances,Appliances,684.24,410.54,273.7,7
ORD10071,2025-06-11,East,Summer,Electronics,Accessories,Accessories,255.36,242.59,12.77,46
ORD10072,2025-07-21,North,Fall,Clothing,Men's Wear,Men's Wear,286.69,329.69,-43.0,92
ORD10073,2025-09-27,East,Winter,Home & Kitchen,Decor,Decor,165.39,99.23,66.16,23
ORD10074,2025-12-17,West,Winter,Clothing,Women's Wear,Women's Wear,1209.21,725.53,483.68,21
ORD10075,2025-10-31,West,Fall,Home & Kitchen,Appliances,Appliances,200.61,120.37,80.24,37
ORD10076,2025-09-28,South,Winter,,Laptops,Laptops,205.19,123.11,,16
ORD10077,2025-08-03,West,Winter,Electronics,Laptops,Laptops,1278.7,767.22,511.48,7
ORD10078,2025-09-09,East,Summer,Electronics,Accessories,Accessories,530.01,609.51,-79.5,102
ORD10079,2025-07-09,West,Spring,Electronics,Audio,Audio,65.67,39.4,26.27,30
ORD10080,2025-10-23,South,Spring,Clothing,Kids' Wear,Kids' Wear,96.81,77.45,19.36,39
ORD10081,2025-08-01,North,Spring,Clothing,Women's Wear,Women's Wear,230.41,138.25,92.16,12
ORD10082,2025-07-27,East,Spring,Electronics,Accessories,Accessories,335.82,319.03,16.79,80
ORD10083,2025-08-25,North,Winter,Electronics,Laptops,Laptops,1004.42,954.2,50.22,51
ORD10084,2025-12-04,South,Fall,Electronics,Laptops,Laptops,252.84,290.77,-37.93,105
ORD10085,2025-02-22,South,Fall,Clothing,Kids' Wear,Kids' Wear,195.93,186.13,9.8,80
ORD10086,2025-10-07,South,Summer,Electronics,Smartphones,Smartphones,1151.78,691.07,460.71,20
ORD10087,2025-08-05,North,Summer,Electronics,Accessories,Accessories,1013.16,607.9,405.26,28
ORD10088,2025-09-09,North,Winter,Electronics,Smartphones,Smartphones,664.28,531.42,132.86,5
ORD10089,2025-07-07,North,Fall,Home & Kitchen,Cookware,Cookware,832.98,499.79,333.19,29
ORD10090,2025-02-10,North,Fall,Electronics,Laptops,Laptops,481.74,385.39,96.35,14
ORD10091,2025-06-06,South,Spring,Home & Kitchen,Furniture,Furniture,734.1,440.46,293.64,20
ORD10092,2025-01-15,South,Winter,Home & Kitchen,Cookware,Cookware,769.88,461.93,307.95,20
ORD10093,2025-10-28,East,Winter,Electronics,Smartphones,Smartphones,593.11,474.49,118.62,12
ORD10094,2025-03-06,East,Spring,Home & Kitchen,Furniture,Furniture,1361.73,1089.38,272.35,33
ORD10095,2025-12-11,North,Winter,Electronics,Laptops,Laptops,43.77,41.58,2.19,83
ORD10096,2025-11-23,West,Winter,Clothing,Footwear,Footwear,1177.61,706.57,471.04,32
ORD10097,2025-01-09,West,Summer,Clothing,Men's Wear,Men's Wear,204.09,163.27,40.82,10
ORD10098,2025-12-10,South,Fall,Clothing,Kids' Wear,Kids' Wear,1200.37,720.22,480.15,20
ORD10099,2025-05-09,South,Winter,Clothing,Kids' Wear,Kids' Wear,931.55,558.93,372.62,24
ORD10100,2025-05-16,South,Summer,Home & Kitchen,Cookware,Cookware,1268.05,1014.44,253.61,20
ORD10101,2025-03-04,East,Fall,Electronics,Audio,Audio,164.32,98.59,,11
ORD10102,2025-05-19,East,Spring,Electronics,Laptops,Laptops,847.29,508.37,338.92,18
ORD10103,2025-03-22,South,Summer,Electronics,Audio,Audio,761.61,456.97,304.64,30
ORD10104,2025-06-12,South,Summer,Clothing,Men's Wear,Men's Wear,1065.17,639.1,426.07,30
ORD10105,2025-10-16,South,Fall,Clothing,Men's Wear,Men's Wear,810.75,486.45,324.3,18
ORD10106,2025-09-18,West,Spring,Electronics,Smartphones,Smartphones,820.29,492.17,328.12,11
ORD10107,2025-08-19,East,Summer,Clothing,Men's Wear,Men's Wear,655.8,393.48,262.32,37
ORD10108,2025-02-10,West,Winter,Electronics,Accessories,Accessories,477.07,286.24,190.83,30
ORD10109,2025-01-28,West,Winter,Electronics,Accessories,Accessories,733.75,587.0,146.75,24
ORD10110,2025-05-15,South,Winter,Electronics,Laptops,Laptops,195.37,117.22,78.15,7
ORD10111,2025-07-20,South,Spring,Electronics,Audio,Audio,1443.04,865.82,577.22,8
ORD10112,2025-11-24,North,Summer,Electronics,Smartphones,Smartphones,1077.33,646.4,430.93,30
ORD10113,2025-09-25,North,Winter,Electronics,Smartphones,Smartphones,1429.65,1143.72,285.93,15
ORD10114,2025-02-02,West,Spring,Electronics,Audio,Audio,355.56,337.78,17.78,46
ORD10115,2025-02-17,East,Winter,Clothing,Footwear,Footwear,1321.42,1255.35,66.07,58
ORD10116,2025-03-03,South,Fall,Electronics,Laptops,Laptops,1217.01,1156.16,60.85,88
ORD10117,2025-08-04,South,Summer,Electronics,Audio,Audio,1022.19,817.75,204.44,34
ORD10118,2025-10-20,West,Summer,Clothing,Men's Wear,Men's Wear,945.04,756.03,189.01,16
ORD10119,2025-04-09,North,Spring,Clothing,Men's Wear,Men's Wear,488.49,390.79,97.7,30
ORD10120,2025-06-21,East,Spring,Clothing,Men's Wear,Men's Wear,1228.29,736.97,491.32,37
ORD10121,2025-12-26,North,Summer,Electronics,Smartphones,Smartphones,762.24,457.34,304.9,17
ORD10122,2025-08-02,North,Winter,Home & Kitchen,Furniture,Furniture,124.92,74.95,49.97,18
ORD10123,2025-02-04,North,Winter,Home & Kitchen,Cookware,Cookware,483.04,555.5,-72.46,83
ORD10124,2025-08-15,North,Fall,Clothing,Men's Wear,Men's Wear,1404.24,1123.39,280.85,38
ORD10125,2025-04-11,South,Winter,Home & Kitchen,Cookware,Cookware,1279.01,1215.06,63.95,88
ORD10126,2025-05-11,South,Spring,Clothing,Men's Wear,Men's Wear,1473.22,883.93,589.29,30
ORD10127,2025-09-14,North,Spring,Electronics,Accessories,Accessories,949.43,759.54,189.89,25
ORD10128,2025-01-05,East,Winter,Home & Kitchen,Appliances,Appliances,386.31,231.79,154.52,32
ORD10129,2025-08-06,West,Spring,Electronics,Accessories,Accessories,260.97,156.58,104.39,40
ORD10130,2025-09-12,East,Summer,Home & Kitchen,Appliances,Appliances,296.63,281.8,14.83,84
ORD10131,2025-12-25,East,Summer,Electronics,Laptops,Laptops,49.3,39.44,9.86,6
ORD10132,2025-10-10,East,Winter,Home & Kitchen,Cookware,Cookware,598.21,358.93,239.28,13
ORD10133,2025-07-26,North,Summer,Electronics,Audio,Audio,303.31,288.14,15.17,67
ORD10134,2025-01-15,South,Summer,Electronics,Smartphones,Smartphones,629.25,377.55,251.7,19
ORD10135,2025-12-12,East,Fall,Home & Kitchen,Appliances,Appliances,1403.79,1614.36,-210.57,72
ORD10136,2025-02-11,North,Fall,,Laptops,Laptops,657.2,394.32,,27
ORD10137,2025-06-28,East,Summer,Electronics,Smartphones,Smartphones,1319.42,791.65,527.77,21
ORD10138,2025-03-04,East,Winter,Electronics,Smartphones,Smartphones,916.15,549.69,366.46,6
ORD10139,2025-12-18,North,Fall,Home & Kitchen,Cookware,Cookware,385.75,231.45,154.3,24
ORD10140,2025-08-19,South,Spring,Home & Kitchen,Appliances,Appliances,546.67,328.0,218.67,24
ORD10141,2025-08-29,South,Spring,Electronics,Audio,Audio,144.2,115.36,28.84,7
ORD10142,2025-02-21,West,Spring,Electronics,Smartphones,Smartphones,513.52,487.84,25.68,56
ORD10143,2025-04-06,North,Winter,Home & Kitchen,Decor,Decor,1022.76,971.62,51.14,84
ORD10144,2025-08-10,West,Summer,Home & Kitchen,Appliances,Appliances,126.72,76.03,50.69,6
ORD10145,2025-08-19,West,Spring,Electronics,Accessories,Accessories,323.99,259.19,64.8,40
ORD10146,2025-08-25,West,Winter,Electronics,Audio,Audio,584.53,350.72,233.81,18
ORD10147,2025-05-23,South,Fall,Electronics,Accessories,Accessories,1473.43,884.06,589.37,20
ORD10148,2025-06-20,North,Summer,Clothing,Men's Wear,Men's Wear,1181.6,945.28,236.32,23
ORD10149,2025-01-29,West,Fall,Home & Kitchen,Decor,Decor,1105.56,884.45,221.11,38
ORD10150,2025-02-05,North,Winter,Clothing,Kids' Wear,Kids' Wear,191.96,115.18,76.78,10
ORD10151,2025-01-13,North,Spring,Home & Kitchen,Decor,Decor,1175.87,705.52,470.35,17
ORD10152,2025-06-09,South,Spring,Home & Kitchen,Furniture,Furniture,1182.2,1359.53,-177.33,95
ORD10153,2025-11-23,West,Winter,Home & Kitchen,Appliances,Appliances,909.63,545.78,363.85,26
ORD10154,2025-07-06,West,Spring,Home & Kitchen,Furniture,Furniture,1485.74,1188.59,297.15,22
ORD10155,2025-08-31,North,Summer,Home & Kitchen,Appliances,Appliances,501.38,401.1,100.28,16
ORD10156,2025-03-27,East,Winter,Home & Kitchen,Cookware,Cookware,1413.08,847.85,565.23,34
ORD10157,2025-10-11,South,Fall,Home & Kitchen,Appliances,Appliances,1373.8,824.28,549.52,44
ORD10158,2025-03-07,South,Winter,Clothing,Footwear,Footwear,36.99,22.19,14.8,11
ORD10159,2025-06-19,South,Summer,Electronics,Accessories,Accessories,686.17,651.86,34.31,76
ORD10160,2025-02-14,South,Summer,Electronics,Smartphones,Smartphones,1466.11,1172.89,293.22,23
ORD10161,2025-03-03,West,Winter,Clothing,Men's Wear,Men's Wear,172.62,138.1,34.52,10
ORD10162,2025-05-14,West,Winter,Clothing,Kids' Wear,Kids' Wear,830.72,955.33,-124.61,79
ORD10163,2025-10-11,East,Spring,Clothing,Footwear,Footwear,1468.86,1395.42,73.44,71
ORD10164,2025-01-28,South,Summer,Clothing,Women's Wear,Women's Wear,842.13,673.7,168.43,41
ORD10165,2025-04-18,South,Winter,Home & Kitchen,Decor,Decor,300.93,240.74,60.19,11
ORD10166,2025-02-13,North,Winter,Electronics,Laptops,Laptops,881.63,705.3,176.33,9
ORD10167,2025-12-06,West,Summer,Home & Kitchen,Furniture,Furniture,322.57,258.06,64.51,15
ORD10168,2025-10-13,South,Winter,Electronics,Audio,Audio,789.16,631.33,157.83,19
ORD10169,2025-11-27,East,Spring,Electronics,Laptops,Laptops,129.58,103.66,25.92,7
ORD10170,2025-05-08,East,Summer,Clothing,Kids' Wear,Kids' Wear,916.11,549.67,366.44,9
ORD10171,2025-12-14,West,Spring,Home & Kitchen,Furniture,Furniture,784.85,627.88,156.97,27
ORD10172,2025-08-19,East,Spring,Clothing,Kids' Wear,Kids' Wear,1115.44,669.26,446.18,41
ORD10173,2025-07-09,East,Spring,Home & Kitchen,Furniture,Furniture,953.44,572.06,381.38,13
ORD10174,2025-08-13,West,Spring,Electronics,Audio,Audio,833.42,500.05,,19
ORD10175,2025-10-10,South,Summer,Clothing,Footwear,Footwear,1040.87,832.7,208.17,7
ORD10176,2025-05-01,South,Spring,Clothing,Men's Wear,Men's Wear,233.03,186.42,46.61,33
ORD10177,2025-04-26,East,Spring,Electronics,Smartphones,Smartphones,901.13,540.68,360.45,10
ORD10178,2025-08-21,East,Winter,Electronics,Smartphones,Smartphones,274.72,219.78,54.94,21
ORD10179,2025-09-16,South,Summer,Electronics,Audio,Audio,1389.77,1111.82,277.95,30
ORD10180,2025-12-25,West,Summer,Clothing,Women's Wear,Women's Wear,121.13,72.68,48.45,25
ORD10181,2025-07-17,East,Fall,Home & Kitchen,Appliances,Appliances,656.95,525.56,131.39,12
ORD10182,2025-05-17,North,Summer,Clothing,Kids' Wear,Kids' Wear,1049.78,997.29,52.49,65
ORD10183,2025-11-14,West,Summer,Home & Kitchen,Decor,Decor,697.87,662.98,34.89,55
ORD10184,2025-06-14,East,Fall,Clothing,Kids' Wear,Kids' Wear,156.3,125.04,31.26,42
ORD10185,2025-08-13,East,Summer,Clothing,Men's Wear,Men's Wear,839.0,671.2,167.8,12
ORD10186,2025-11-03,North,Summer,Electronics,Laptops,Laptops,969.62,581.77,387.85,28
ORD10187,2025-08-22,North,Summer,Home & Kitchen,Appliances,Appliances,1061.61,636.97,424.64,39
ORD10188,2025-06-21,South,Summer,Clothing,Women's Wear,Women's Wear,572.42,343.45,228.97,18
ORD10189,2025-06-01,West,Fall,Clothing,Men's Wear,Men's Wear,854.22,982.35,-128.13,114
ORD10190,2025-11-11,West,Summer,Electronics,Accessories,Accessories,687.02,412.21,274.81,18
ORD10191,2025-06-09,South,Summer,Electronics,Audio,Audio,1014.64,608.78,405.86,14
ORD10192,2025-04-06,West,Fall,Home & Kitchen,Cookware,Cookware,883.66,839.48,44.18,56
ORD10193,2025-08-21,West,Winter,Clothing,Men's Wear,Men's Wear,798.12,917.84,-119.72,97
ORD10194,2025-06-29,West,Spring,Home & Kitchen,Cookware,Cookware,389.3,369.83,19.47,88
ORD10195,2025-04-23,West,Winter,Clothing,Kids' Wear,Kids' Wear,22.99,13.79,9.2,38
ORD10196,2025-11-14,West,Fall,Home & Kitchen,Appliances,Appliances,277.64,166.58,111.06,14
ORD10197,2025-02-21,North,Spring,Electronics,Audio,Audio,193.26,115.96,77.3,21
ORD10198,2025-09-25,West,Fall,Clothing,Men's Wear,Men's Wear,684.65,410.79,273.86,21
ORD10199,2025-10-22,North,Fall,Home & Kitchen,Furniture,Furniture,926.14,555.68,370.46,7
ORD10200,2025-04-23,West,Summer,Electronics,Audio,Audio,335.37,268.3,67.07,35
ORD10201,2025-04-11,South,Spring,Electronics,Audio,Audio,1409.8,1621.27,-211.47,110
ORD10202,2025-04-23,East,Summer,Home & Kitchen,Furniture,Furniture,29.89,17.93,11.96,5
ORD10203,2025-03-22,North,Spring,Clothing,Women's Wear,Women's Wear,1163.01,930.41,232.6,16
ORD10204,2025-07-06,West,Fall,Clothing,Women's Wear,Women's Wear,945.3,756.24,189.06,43
ORD10205,2025-04-23,South,Fall,Electronics,Audio,Audio,572.86,343.72,229.14,8
ORD10206,2025-01-02,East,Winter,Clothing,Women's Wear,Women's Wear,94.72,75.78,18.94,17
ORD10207,2025-05-10,North,Spring,Clothing,Men's Wear,Men's Wear,948.68,569.21,379.47,38
ORD10208,2025-08-08,East,Summer,Clothing,Kids' Wear,Kids' Wear,590.71,354.43,236.28,25
ORD10209,2025-02-23,South,Winter,Electronics,Accessories,Accessories,1405.68,1335.4,70.28,66
ORD10210,2025-12-09,North,Winter,Home & Kitchen,Cookware,Cookware,822.15,493.29,,8
ORD10211,2025-08-12,East,Winter,Clothing,Footwear,Footwear,1410.68,1622.28,-211.6,77
ORD10212,2025-08-13,West,Summer,Electronics,Audio,Audio,346.32,207.79,138.53,9
ORD10213,2025-05-06,North,Winter,Electronics,Audio,Audio,1094.07,875.26,218.81,23
ORD10214,2025-05-10,East,Summer,Home & Kitchen,Decor,Decor,933.53,746.82,186.71,6
ORD10215,2025-02-22,South,Winter,Clothing,Footwear,Footwear,1114.32,668.59,445.73,16
ORD10216,2025-06-21,South,Summer,Clothing,Women's Wear,Women's Wear,337.71,202.63,135.08,21
ORD10217,2025-08-06,North,Fall,Home & Kitchen,Appliances,Appliances,1004.19,803.35,200.84,14
ORD10218,2025-06-09,East,Fall,Home & Kitchen,Appliances,Appliances,757.1,719.24,37.86,78
ORD10219,2025-07-17,North,Fall,Electronics,Laptops,Laptops,1119.38,1063.41,55.97,50
ORD10220,2025-09-04,North,Fall,Electronics,Audio,Audio,504.03,403.22,100.81,12
ORD10221,2025-11-20,East,Fall,Home & Kitchen,Cookware,Cookware,1337.28,1270.42,66.86,55
ORD10222,2025-07-22,East,Winter,Clothing,Kids' Wear,Kids' Wear,144.77,115.82,28.95,16
ORD10223,2025-07-03,West,Winter,Electronics,Smartphones,Smartphones,1214.64,1153.91,60.73,53
ORD10224,2025-05-03,East,Winter,Electronics,Laptops,Laptops,1294.75,1035.8,258.95,6
ORD10225,2025-09-12,South,Summer,Clothing,Footwear,Footwear,1229.53,983.62,245.91,12
ORD10226,2025-10-21,North,Summer,Electronics,Accessories,Accessories,778.84,739.9,38.94,55
ORD10227,2025-10-07,North,Summer,Clothing,Kids' Wear,Kids' Wear,668.81,401.29,267.52,40
ORD10228,2025-11-21,South,Summer,Clothing,Kids' Wear,Kids' Wear,1494.47,1419.75,74.72,54
ORD10229,2025-04-08,East,Fall,Clothing,Kids' Wear,Kids' Wear,359.17,287.34,71.83,25
ORD10230,2025-07-17,South,Fall,Home & Kitchen,Decor,Decor,829.38,497.63,331.75,24
ORD10231,2025-08-28,South,Fall,Home & Kitchen,Furniture,Furniture,1012.6,607.56,405.04,12
ORD10232,2025-05-24,West,Spring,Home & Kitchen,Appliances,Appliances,1057.28,634.37,422.91,40
ORD10233,2025-04-07,South,Winter,Clothing,Women's Wear,Women's Wear,321.96,257.57,64.39,33
ORD10234,2025-07-20,North,Summer,Clothing,Men's Wear,Men's Wear,987.91,938.51,49.4,86
ORD10235,2025-05-04,South,Summer,Home & Kitchen,Appliances,Appliances,1231.19,738.71,,16
ORD10236,2025-07-06,North,Fall,Electronics,Smartphones,Smartphones,94.03,89.33,4.7,58
ORD10237,2025-11-22,North,Summer,Clothing,Women's Wear,Women's Wear,1369.05,1300.6,68.45,65
ORD10238,2025-12-15,North,Summer,Electronics,Accessories,Accessories,63.67,38.2,25.47,26
ORD10239,2025-09-16,East,Winter,Electronics,Laptops,Laptops,546.84,519.5,27.34,65
ORD10240,2025-05-28,West,Fall,Clothing,Footwear,Footwear,43.4,49.91,-6.51,103
ORD10241,2025-09-09,North,Winter,Clothing,Kids' Wear,Kids' Wear,134.17,127.46,6.71,74
ORD10242,2025-12-12,North,Spring,Electronics,Accessories,Accessories,1368.53,1300.1,68.43,83
ORD10243,2025-05-27,East,Spring,Electronics,Accessories,Accessories,545.19,626.97,-81.78,79
ORD10244,2025-05-28,North,Spring,Home & Kitchen,Appliances,Appliances,648.66,518.93,129.73,28
ORD10245,2025-12-18,South,Fall,Home & Kitchen,Decor,Decor,338.71,203.23,135.48,27
ORD10246,2025-07-18,South,Summer,Clothing,Kids' Wear,Kids' Wear,903.7,858.52,45.18,51
ORD10247,2025-11-04,West,Fall,Home & Kitchen,Furniture,Furniture,900.31,720.25,180.06,13
ORD10248,2025-05-08,North,Fall,Home & Kitchen,Appliances,Appliances,570.86,456.69,114.17,5
ORD10249,2025-02-08,East,Summer,Home & Kitchen,Decor,Decor,512.89,307.73,205.16,30
ORD10250,2025-12-04,South,Winter,Home & Kitchen,Appliances,Appliances,1329.75,1263.26,66.49,82
ORD10251,2025-12-26,East,Spring,Electronics,Smartphones,Smartphones,587.26,352.36,234.9,42
ORD10252,2025-05-09,East,Winter,Clothing,Footwear,Footwear,750.38,862.94,-112.56,113
ORD10253,2025-09-24,South,Spring,Home & Kitchen,Decor,Decor,439.29,263.57,175.72,26
ORD10254,2025-05-31,East,Fall,Electronics,Smartphones,Smartphones,1184.42,710.65,473.77,14
ORD10255,2025-10-25,South,Spring,Electronics,Smartphones,Smartphones,608.22,486.58,121.64,10
ORD10256,2025-04-09,East,Fall,Electronics,Smartphones,Smartphones,780.14,468.08,312.06,21
ORD10257,2025-09-20,South,Winter,Home & Kitchen,Furniture,Furniture,394.97,315.98,78.99,42
ORD10258,2025-09-09,North,Fall,Home & Kitchen,Furniture,Furniture,1481.74,1704.0,-222.26,83
ORD10259,2025-05-24,West,Winter,Clothing,Footwear,Footwear,451.41,428.84,22.57,54
ORD10260,2025-12-12,South,Summer,Home & Kitchen,Decor,Decor,1160.7,696.42,464.28,12
ORD10261,2025-04-22,South,Summer,Home & Kitchen,Appliances,Appliances,652.69,391.61,261.08,25
ORD10262,2025-03-01,West,Summer,Electronics,Accessories,Accessories,325.2,308.94,16.26,50
ORD10263,2025-01-02,South,Fall,Clothing,Women's Wear,Women's Wear,1203.58,1384.12,-180.54,80
ORD10264,2025-10-31,South,Summer,Home & Kitchen,Appliances,Appliances,513.74,410.99,102.75,43
ORD10265,2025-09-11,East,Spring,Home & Kitchen,Appliances,Appliances,1300.49,1040.39,260.1,28
ORD10266,2025-05-20,West,Winter,Electronics,Smartphones,Smartphones,1374.58,824.75,549.83,37
ORD10267,2025-02-06,North,Winter,Electronics,Smartphones,Smartphones,1292.54,1227.91,64.63,62
ORD10268,2025-06-09,South,Spring,Home & Kitchen,Appliances,Appliances,71.81,57.45,14.36,32
ORD10269,2025-01-09,West,Fall,Clothing,Women's Wear,Women's Wear,1185.31,711.19,474.12,36
ORD10270,2025-08-21,East,Fall,Clothing,Men's Wear,Men's Wear,628.78,377.27,251.51,16
ORD10271,2025-04-09,North,Winter,Electronics,Accessories,Accessories,1313.11,1247.45,65.66,86
ORD10272,2025-05-27,West,Summer,Electronics,Accessories,Accessories,964.17,578.5,385.67,31
ORD10273,2025-10-31,North,Fall,Home & Kitchen,Decor,Decor,1253.79,752.27,501.52,14
ORD10274,2025-07-27,North,Fall,Electronics,Laptops,Laptops,759.16,607.33,151.83,36
ORD10275,2025-05-11,North,Spring,Home & Kitchen,Decor,Decor,811.84,487.1,324.74,30
ORD10276,2025-06-01,South,Spring,Clothing,Women's Wear,Women's Wear,233.69,140.21,93.48,29
ORD10277,2025-02-23,South,Summer,Clothing,Men's Wear,Men's Wear,1180.3,1121.28,59.02,55
ORD10278,2025-04-30,East,Fall,Home & Kitchen,Cookware,Cookware,640.7,608.66,32.04,67
ORD10279,2025-06-10,East,Fall,Electronics,Accessories,Accessories,760.12,722.11,38.01,78
ORD10280,2025-04-26,West,Spring,,Kids' Wear,Kids' Wear,1181.94,1122.84,,84
ORD10281,2025-03-16,East,Fall,Electronics,Laptops,Laptops,906.29,725.03,181.26,27
ORD10282,2025-04-23,North,Winter,Clothing,Women's Wear,Women's Wear,317.63,301.75,15.88,73
ORD10283,2025-04-14,North,Spring,Home & Kitchen,Cookware,Cookware,893.54,536.12,357.42,35
ORD10284,2025-12-06,South,Summer,Home & Kitchen,Decor,Decor,623.3,498.64,124.66,11
ORD10285,2025-09-11,North,Spring,Home & Kitchen,Cookware,Cookware,714.9,822.14,-107.24,99
ORD10286,2025-08-15,West,Fall,Clothing,Men's Wear,Men's Wear,61.9,37.14,24.76,37
ORD10287,2025-04-22,North,Summer,Electronics,Audio,Audio,330.84,198.5,132.34,25
ORD10288,2025-04-09,North,Spring,Electronics,Audio,Audio,435.94,348.75,87.19,6
ORD10289,2025-06-02,West,Winter,Electronics,Laptops,Laptops,1075.18,645.11,430.07,22
ORD10290,2025-12-15,East,Winter,Clothing,Men's Wear,Men's Wear,37.01,22.21,14.8,37
ORD10291,2025-12-04,East,Spring,Clothing,Footwear,Footwear,624.99,593.74,31.25,81
ORD10292,2025-07-13,West,Winter,Clothing,Kids' Wear,Kids' Wear,1387.56,1595.69,-208.13,93
ORD10293,2025-11-06,South,Winter,Clothing,Footwear,Footwear,185.58,148.46,37.12,24
ORD10294,2025-06-12,North,Winter,Clothing,Women's Wear,Women's Wear,784.31,470.59,313.72,39
ORD10295,2025-07-27,West,Summer,Electronics,Smartphones,Smartphones,1184.05,710.43,473.62,22
ORD10296,2025-06-18,North,Winter,Clothing,Women's Wear,Women's Wear,1414.95,1344.2,70.75,68
ORD10297,2025-06-10,South,Winter,Clothing,Kids' Wear,Kids' Wear,1125.23,900.18,225.05,12
ORD10298,2025-03-09,North,Winter,Electronics,Accessories,Accessories,1086.44,651.86,434.58,34
ORD10299,2025-10-16,West,Summer,Clothing,Kids' Wear,Kids' Wear,1243.2,994.56,248.64,14
ORD10300,2025-10-04,North,Spring,Electronics,Laptops,Laptops,680.38,408.23,272.15,27
ORD10301,2025-10-31,East,Fall,Electronics,Audio,Audio,1212.65,970.12,242.53,15
ORD10302,2025-05-15,South,Winter,Home & Kitchen,Cookware,Cookware,31.79,30.2,1.59,46
ORD10303,2025-07-14,South,Spring,Home & Kitchen,Furniture,Furniture,1388.35,1110.68,277.67,30
ORD10304,2025-05-08,South,Winter,Home & Kitchen,Decor,Decor,676.09,540.87,135.22,40
ORD10305,2025-02-02,West,Summer,Home & Kitchen,Appliances,Appliances,839.0,503.4,335.6,37
ORD10306,2025-06-25,South,Spring,Clothing,Women's Wear,Women's Wear,397.23,377.37,19.86,57
ORD10307,2025-01-22,East,Summer,Home & Kitchen,Appliances,Appliances,1118.95,895.16,223.79,44
ORD10308,2025-08-26,West,Winter,Electronics,Accessories,Accessories,133.42,80.05,53.37,29
ORD10309,2025-06-07,East,Winter,Clothing,Men's Wear,Men's Wear,1311.5,1049.2,262.3,8
ORD10310,2025-02-07,North,Summer,Home & Kitchen,Decor,Decor,1245.61,747.37,498.24,23
ORD10311,2025-08-18,North,Fall,Electronics,Smartphones,Smartphones,339.77,322.78,16.99,62
ORD10312,2025-12-31,North,Summer,Clothing,Men's Wear,Men's Wear,1217.8,974.24,243.56,41
ORD10313,2025-02-20,North,Winter,Clothing,Men's Wear,Men's Wear,1183.81,1361.38,-177.57,89
ORD10314,2025-09-21,East,Summer,Home & Kitchen,Appliances,Appliances,955.68,573.41,382.27,23
ORD10315,2025-10-10,West,Fall,Clothing,Men's Wear,Men's Wear,572.81,544.17,28.64,67
ORD10316,2025-01-27,West,Summer,Electronics,Smartphones,Smartphones,421.82,337.46,84.36,20
ORD10317,2025-08-14,South,Fall,Clothing,Footwear,Footwear,363.04,344.89,18.15,45
ORD10318,2025-10-04,East,Fall,Electronics,Audio,Audio,491.54,294.92,196.62,16
ORD10319,2025-10-13,North,Summer,,Men's Wear,Men's Wear,1357.27,1085.82,,28
ORD10320,2025-04-07,East,Summer,Home & Kitchen,Decor,Decor,134.91,128.16,6.75,78
ORD10321,2025-10-11,South,Spring,Electronics,Audio,Audio,1246.73,748.04,498.69,12
ORD10322,2025-11-13,South,Winter,Clothing,Men's Wear,Men's Wear,536.36,321.82,214.54,22
ORD10323,2025-10-31,East,Fall,Clothing,Kids' Wear,Kids' Wear,791.97,633.58,158.39,9
ORD10324,2025-05-27,East,Spring,Clothing,Men's Wear,Men's Wear,1195.84,956.67,239.17,30
ORD10325,2025-01-04,East,Summer,Electronics,Audio,Audio,1328.88,797.33,531.55,34
ORD10326,2025-02-04,West,Winter,Electronics,Accessories,Accessories,530.28,318.17,212.11,17
ORD10327,2025-07-11,North,Spring,Electronics,Laptops,Laptops,703.53,422.12,281.41,23
ORD10328,2025-02-18,East,Fall,Home & Kitchen,Appliances,Appliances,633.48,601.81,31.67,73
ORD10329,2025-01-17,East,Spring,Home & Kitchen,Decor,Decor,39.61,31.69,7.92,7
ORD10330,2025-06-21,East,Fall,Electronics,Accessories,Accessories,458.0,435.1,22.9,70
ORD10331,2025-08-08,South,Summer,Clothing,Men's Wear,Men's Wear,699.6,804.54,-104.94,99
ORD10332,2025-06-07,South,Winter,Home & Kitchen,Cookware,Cookware,628.42,502.74,125.68,16
ORD10333,2025-02-15,West,Winter,Electronics,Laptops,Laptops,1088.46,653.08,435.38,6
ORD10334,2025-01-06,North,Winter,Clothing,Women's Wear,Women's Wear,589.51,353.71,235.8,15
ORD10335,2025-04-09,West,Summer,Home & Kitchen,Decor,Decor,744.28,446.57,297.71,32
ORD10336,2025-08-21,North,Fall,Clothing,Footwear,Footwear,655.82,754.19,-98.37,77
ORD10337,2025-02-06,South,Summer,Clothing,Women's Wear,Women's Wear,1116.13,892.9,223.23,17
ORD10338,2025-10-07,South,Winter,Clothing,Kids' Wear,Kids' Wear,1297.2,778.32,518.88,41
ORD10339,2025-12-15,South,Summer,Clothing,Women's Wear,Women's Wear,807.2,484.32,322.88,26
ORD10340,2025-10-29,West,Summer,Home & Kitchen,Appliances,Appliances,1188.36,950.69,237.67,16
ORD10341,2025-06-30,East,Summer,Home & Kitchen,Appliances,Appliances,459.24,367.39,91.85,6
ORD10342,2025-04-05,East,Fall,Home & Kitchen,Decor,Decor,821.23,492.74,328.49,41
ORD10343,2025-04-09,South,Spring,Electronics,Accessories,Accessories,530.94,610.58,-79.64,66
ORD10344,2025-07-07,East,Spring,Home & Kitchen,Cookware,Cookware,633.02,506.42,126.6,30
ORD10345,2025-04-26,East,Summer,Clothing,Footwear,Footwear,1103.97,662.38,441.59,30
ORD10346,2025-07-10,West,Spring,Home & Kitchen,Furniture,Furniture,1324.86,1258.62,66.24,68
ORD10347,2025-09-10,North,Spring,Clothing,Men's Wear,Men's Wear,199.81,119.89,79.92,16
ORD10348,2025-06-10,South,Summer,Electronics,Audio,Audio,959.27,1103.16,-143.89,75
ORD10349,2025-09-13,South,Summer,Clothing,Women's Wear,Women's Wear,881.57,1013.81,-132.24,82
ORD10350,2025-11-19,West,Winter,Clothing,Men's Wear,Men's Wear,195.25,185.49,9.76,84
ORD10351,2025-05-08,West,Spring,Clothing,Men's Wear,Men's Wear,333.6,316.92,16.68,53
ORD10352,2025-01-18,East,Fall,Electronics,Accessories,Accessories,480.28,288.17,192.11,36
ORD10353,2025-10-08,South,Summer,Home & Kitchen,Appliances,Appliances,267.06,307.12,-40.06,74
ORD10354,2025-08-11,North,Winter,Home & Kitchen,Cookware,Cookware,380.72,304.58,76.14,41
ORD10355,2025-02-23,West,Fall,Electronics,Audio,Audio,416.05,395.25,20.8,57
ORD10356,2025-02-27,North,Spring,Clothing,Women's Wear,Women's Wear,516.8,594.32,-77.52,64
ORD10357,2025-11-19,North,Winter,Home & Kitchen,Decor,Decor,1129.1,1298.46,-169.36,70
ORD10358,2025-12-26,South,Summer,Electronics,Smartphones,Smartphones,866.43,823.11,43.32,54
ORD10359,2025-06-23,South,Fall,Home & Kitchen,Appliances,Appliances,1479.65,887.79,591.86,17
ORD10360,2025-10-07,West,Summer,Electronics,Laptops,Laptops,633.81,728.88,-95.07,100
ORD10361,2025-04-24,South,Spring,Clothing,Women's Wear,Women's Wear,1135.72,908.58,227.14,19
ORD10362,2025-10-15,South,Fall,Home & Kitchen,Decor,Decor,1309.77,1506.24,-196.47,101
ORD10363,2025-12-08,South,Spring,Electronics,Audio,Audio,1024.89,819.91,204.98,11
ORD10364,2025-05-31,North,Spring,Home & Kitchen,Cookware,Cookware,629.56,377.74,251.82,44
ORD10365,2025-05-07,West,Winter,Home & Kitchen,Decor,Decor,1135.32,681.19,454.13,32
ORD10366,2025-06-04,East,Summer,Home & Kitchen,Cookware,Cookware,321.43,257.14,64.29,36
ORD10367,2025-09-30,North,Fall,Home & Kitchen,Cookware,Cookware,504.78,479.54,25.24,79
ORD10368,2025-04-14,South,Spring,Electronics,Laptops,Laptops,829.09,497.45,331.64,19
ORD10369,2025-10-26,North,Spring,Clothing,Men's Wear,Men's Wear,871.61,697.29,174.32,40
ORD10370,2025-09-03,South,Fall,Electronics,Audio,Audio,52.77,31.66,21.11,25
ORD10371,2025-06-25,South,Spring,Electronics,Accessories,Accessories,1418.77,1347.83,,50
ORD10372,2025-02-08,North,Winter,Electronics,Accessories,Accessories,1051.01,840.81,210.2,5
ORD10373,2025-06-19,West,Winter,Clothing,Footwear,Footwear,753.64,452.18,301.46,8
ORD10374,2025-09-04,South,Winter,Home & Kitchen,Cookware,Cookware,1401.03,840.62,560.41,15
ORD10375,2025-01-26,West,Winter,Home & Kitchen,Appliances,Appliances,669.86,401.92,267.94,30
ORD10376,2025-12-21,East,Spring,Home & Kitchen,Appliances,Appliances,1471.04,1176.83,294.21,41
ORD10377,2025-11-02,South,Fall,Clothing,Footwear,Footwear,778.18,466.91,311.27,27
ORD10378,2025-01-13,West,Fall,Home & Kitchen,Appliances,Appliances,189.14,113.48,75.66,33
ORD10379,2025-11-12,West,Fall,Clothing,Women's Wear,Women's Wear,1151.91,1324.7,-172.79,80
ORD10380,2025-11-09,East,Fall,Home & Kitchen,Decor,Decor,1024.77,973.53,51.24,89
ORD10381,2025-02-05,West,Summer,Home & Kitchen,Cookware,Cookware,1164.02,931.22,232.8,31
ORD10382,2025-06-22,West,Fall,Electronics,Accessories,Accessories,1428.13,1642.35,-214.22,98
ORD10383,2025-01-20,East,Summer,Clothing,Kids' Wear,Kids' Wear,1169.2,701.52,467.68,44
ORD10384,2025-11-17,South,Summer,Electronics,Laptops,Laptops,924.78,739.82,184.96,17
ORD10385,2025-09-21,West,Winter,Electronics,Smartphones,Smartphones,1288.82,1031.06,257.76,27
ORD10386,2025-05-22,West,Summer,Electronics,Accessories,Accessories,1016.4,813.12,203.28,20
ORD10387,2025-05-23,West,Spring,Clothing,Men's Wear,Men's Wear,624.02,374.41,249.61,34
ORD10388,2025-04-02,North,Summer,Clothing,Kids' Wear,Kids' Wear,1330.72,1064.58,266.14,8
ORD10389,2025-12-20,East,Winter,Home & Kitchen,Furniture,Furniture,348.41,278.73,69.68,44
ORD10390,2025-11-18,North,Summer,Electronics,Smartphones,Smartphones,1077.67,1023.79,53.88,60
ORD10391,2025-10-15,East,Spring,Home & Kitchen,Furniture,Furniture,1324.71,794.83,529.88,35
ORD10392,2025-08-03,South,Spring,Electronics,Laptops,Laptops,1102.35,661.41,440.94,29
ORD10393,2025-12-08,South,Spring,Clothing,Men's Wear,Men's Wear,1051.97,631.18,420.79,16
ORD10394,2025-02-20,West,Winter,Clothing,Men's Wear,Men's Wear,1133.9,680.34,453.56,30
ORD10395,2025-06-02,East,Winter,Clothing,Men's Wear,Men's Wear,708.28,566.62,141.66,41
ORD10396,2025-07-05,South,Fall,Electronics,Accessories,Accessories,1313.77,788.26,525.51,37
ORD10397,2025-03-04,East,Winter,Clothing,Men's Wear,Men's Wear,321.09,305.04,16.05,72
ORD10398,2025-07-09,South,Spring,Electronics,Accessories,Accessories,208.53,125.12,83.41,13
ORD10399,2025-05-05,North,Spring,Home & Kitchen,Furniture,Furniture,442.55,265.53,177.02,16
ORD10400,2025-05-30,South,Winter,Electronics,Smartphones,Smartphones,806.73,645.38,161.35,9
ORD10401,2025-11-10,North,Summer,Home & Kitchen,Cookware,Cookware,775.63,465.38,310.25,32
ORD10402,2025-02-27,South,Winter,Electronics,Accessories,Accessories,1234.49,987.59,246.9,39
ORD10403,2025-12-08,West,Winter,Home & Kitchen,Furniture,Furniture,618.76,495.01,123.75,9
ORD10404,2025-11-01,North,Spring,Clothing,Kids' Wear,Kids' Wear,736.83,442.1,294.73,38
ORD10405,2025-06-29,South,Fall,Home & Kitchen,Appliances,Appliances,39.78,23.87,15.91,38
ORD10406,2025-06-19,West,Spring,Clothing,Footwear,Footwear,626.41,375.85,250.56,17
ORD10407,2025-11-22,North,Fall,Clothing,Women's Wear,Women's Wear,978.71,587.23,391.48,43
ORD10408,2025-09-28,West,Spring,Home & Kitchen,Cookware,Cookware,42.95,25.77,17.18,18
ORD10409,2025-02-23,East,Winter,Electronics,Laptops,Laptops,435.71,261.43,174.28,15
ORD10410,2025-04-11,East,Spring,Electronics,Audio,Audio,327.78,196.67,131.11,42
ORD10411,2025-09-21,North,Spring,,Audio,Audio,82.14,65.71,,8
ORD10412,2025-02-22,South,Spring,Electronics,Laptops,Laptops,729.3,583.44,145.86,37
ORD10413,2025-03-01,North,Winter,Electronics,Audio,Audio,288.95,231.16,57.79,11
ORD10414,2025-04-18,West,Winter,Clothing,Footwear,Footwear,1119.76,671.86,447.9,12
ORD10415,2025-01-05,South,Winter,Electronics,Audio,Audio,1274.93,764.96,509.97,41
ORD10416,2025-04-13,East,Winter,Clothing,Women's Wear,Women's Wear,827.47,786.1,41.37,54
ORD10417,2025-07-15,South,Fall,Clothing,Women's Wear,Women's Wear,1472.93,1178.34,294.59,19
ORD10418,2025-09-19,East,Fall,Clothing,Women's Wear,Women's Wear,686.71,652.37,34.34,82
ORD10419,2025-12-31,South,Summer,Home & Kitchen,Decor,Decor,779.78,467.87,311.91,19
ORD10420,2025-12-16,South,Winter,Home & Kitchen,Cookware,Cookware,1484.04,1187.23,296.81,9
ORD10421,2025-02-16,South,Fall,Clothing,Footwear,Footwear,362.69,290.15,72.54,33
ORD10422,2025-12-21,West,Spring,Home & Kitchen,Furniture,Furniture,1414.97,848.98,565.99,23
ORD10423,2025-11-07,West,Winter,Electronics,Audio,Audio,83.4,66.72,16.68,14
ORD10424,2025-11-04,North,Summer,Electronics,Accessories,Accessories,680.65,544.52,136.13,16
ORD10425,2025-05-24,North,Summer,Clothing,Women's Wear,Women's Wear,123.61,74.17,49.44,8
ORD10426,2025-09-26,East,Summer,Electronics,Laptops,Laptops,1099.27,659.56,439.71,35
ORD10427,2025-05-04,West,Spring,Clothing,Kids' Wear,Kids' Wear,920.45,874.43,46.02,62
ORD10428,2025-04-16,East,Fall,Clothing,Footwear,Footwear,1065.82,1225.69,-159.87,75
ORD10429,2025-06-07,North,Spring,Electronics,Smartphones,Smartphones,574.23,344.54,229.69,44
ORD10430,2025-05-27,East,Winter,Home & Kitchen,Appliances,Appliances,566.83,340.1,226.73,40
ORD10431,2025-05-25,North,Summer,Electronics,Accessories,Accessories,87.07,52.24,34.83,29
ORD10432,2025-04-30,West,Spring,Electronics,Audio,Audio,537.92,430.34,107.58,27
ORD10433,2025-11-15,South,Spring,Clothing,Women's Wear,Women's Wear,1395.35,837.21,558.14,16
ORD10434,2025-10-02,West,Fall,Clothing,Footwear,Footwear,581.26,668.45,-87.19,93
ORD10435,2025-04-02,East,Fall,Clothing,Kids' Wear,Kids' Wear,1250.42,750.25,500.17,40
ORD10436,2025-02-27,East,Summer,Clothing,Kids' Wear,Kids' Wear,1266.64,759.98,506.66,41
ORD10437,2025-12-12,West,Spring,Home & Kitchen,Cookware,Cookware,572.4,457.92,114.48,7
ORD10438,2025-08-17,West,Spring,Home & Kitchen,Cookware,Cookware,955.34,907.57,47.77,53
ORD10439,2025-04-27,North,Fall,Home & Kitchen,Cookware,Cookware,161.15,128.92,32.23,22
ORD10440,2025-11-14,East,Spring,Clothing,Footwear,Footwear,173.44,138.75,34.69,39
ORD10441,2025-10-06,East,Spring,Clothing,Women's Wear,Women's Wear,92.01,105.81,-13.8,116
ORD10442,2025-05-07,West,Spring,Clothing,Kids' Wear,Kids' Wear,879.9,527.94,351.96,38
ORD10443,2025-05-09,South,Fall,Home & Kitchen,Appliances,Appliances,650.59,618.06,32.53,85
ORD10444,2025-02-27,East,Summer,Clothing,Men's Wear,Men's Wear,831.09,498.65,332.44,18
ORD10445,2025-05-02,South,Winter,Electronics,Audio,Audio,791.19,751.63,39.56,48
ORD10446,2025-01-01,West,Summer,Electronics,Smartphones,Smartphones,538.3,430.64,107.66,33
ORD10447,2025-08-27,West,Winter,Clothing,Kids' Wear,Kids' Wear,1022.66,613.6,409.06,19
ORD10448,2025-10-17,North,Spring,Electronics,Smartphones,Smartphones,1142.58,1085.45,57.13,72
ORD10449,2025-04-06,East,Summer,Electronics,Accessories,Accessories,41.65,24.99,16.66,20
ORD10450,2025-05-06,South,Winter,Home & Kitchen,Furniture,Furniture,326.72,196.03,130.69,16
ORD10451,2025-04-28,North,Fall,Clothing,Women's Wear,Women's Wear,1075.59,860.47,215.12,9
ORD10452,2025-02-17,East,Fall,Clothing,Men's Wear,Men's Wear,592.2,355.32,236.88,38
ORD10453,2025-03-30,North,Summer,Home & Kitchen,Cookware,Cookware,1000.48,800.38,200.1,5
ORD10454,2025-08-25,West,Summer,Electronics,Laptops,Laptops,533.5,320.1,213.4,43
ORD10455,2025-09-29,East,Spring,Electronics,Audio,Audio,598.32,358.99,239.33,36
ORD10456,2025-07-08,North,Summer,Clothing,Women's Wear,Women's Wear,254.84,152.9,101.94,30
ORD10457,2025-07-11,North,Spring,Electronics,Laptops,Laptops,402.18,241.31,160.87,21
ORD10458,2025-03-10,South,Spring,Home & Kitchen,Furniture,Furniture,916.01,732.81,183.2,31
ORD10459,2025-10-05,North,Fall,Home & Kitchen,Appliances,Appliances,661.08,628.03,33.05,68
ORD10460,2025-12-15,East,Fall,Clothing,Footwear,Footwear,1165.97,1340.87,-174.9,94
ORD10461,2025-09-04,East,Winter,Home & Kitchen,Cookware,Cookware,1281.83,1217.74,64.09,86
ORD10462,2025-03-17,South,Fall,Home & Kitchen,Decor,Decor,821.64,492.98,328.66,43
ORD10463,2025-06-03,East,Fall,Clothing,Men's Wear,Men's Wear,1142.24,913.79,228.45,30
ORD10464,2025-05-24,West,Summer,Home & Kitchen,Cookware,Cookware,474.22,284.53,189.69,42
ORD10465,2025-03-27,East,Fall,Home & Kitchen,Furniture,Furniture,634.16,380.5,253.66,27
ORD10466,2025-07-04,East,Winter,Home & Kitchen,Decor,Decor,1074.91,859.93,214.98,26
ORD10467,2025-10-12,North,Summer,Electronics,Smartphones,Smartphones,591.59,354.95,236.64,8
ORD10468,2025-08-08,North,Winter,Clothing,Footwear,Footwear,890.99,534.59,356.4,13
ORD10469,2025-03-10,East,Fall,Clothing,Men's Wear,Men's Wear,294.35,338.5,-44.15,63
ORD10470,2025-02-16,South,Winter,Clothing,Footwear,Footwear,907.66,726.13,181.53,11
ORD10471,2025-04-04,North,Summer,Electronics,Accessories,Accessories,1295.04,1036.03,259.01,27
ORD10472,2025-08-26,South,Spring,Electronics,Smartphones,Smartphones,1305.59,783.35,522.24,6
ORD10473,2025-07-23,East,Winter,Clothing,Men's Wear,Men's Wear,1092.03,655.22,436.81,28
ORD10474,2025-08-06,East,Winter,Electronics,Accessories,Accessories,1123.72,1067.53,56.19,84
ORD10475,2025-12-07,West,Summer,Clothing,Kids' Wear,Kids' Wear,845.73,507.44,338.29,35
ORD10476,2025-02-08,North,Summer,Electronics,Smartphones,Smartphones,885.31,708.25,177.06,35
ORD10477,2025-04-10,East,Winter,Home & Kitchen,Appliances,Appliances,217.8,130.68,87.12,44
ORD10478,2025-10-16,West,Fall,Home & Kitchen,Cookware,Cookware,676.91,541.53,135.38,38
ORD10479,2025-09-11,North,Winter,Clothing,Footwear,Footwear,687.15,412.29,274.86,28
ORD10480,2025-08-10,East,Summer,Electronics,Audio,Audio,1438.58,1366.65,71.93,70
ORD10481,2025-12-23,East,Spring,Electronics,Audio,Audio,658.01,625.11,32.9,60
ORD10482,2025-01-23,North,Spring,Home & Kitchen,Cookware,Cookware,833.03,791.38,41.65,57
ORD10483,2025-09-07,North,Fall,Home & Kitchen,Appliances,Appliances,809.21,485.53,323.68,19
ORD10484,2025-01-10,North,Winter,Electronics,Accessories,Accessories,962.41,914.29,48.12,71
ORD10485,2025-09-03,East,Spring,Electronics,Smartphones,Smartphones,1127.38,901.9,225.48,8
ORD10486,2025-11-21,East,Winter,Electronics,Accessories,Accessories,353.06,211.84,141.22,20
ORD10487,2025-04-10,West,Summer,Electronics,Smartphones,Smartphones,802.51,642.01,160.5,34
ORD10488,2025-10-17,South,Spring,Electronics,Laptops,Laptops,1242.36,745.42,496.94,34
ORD10489,2025-06-29,North,Fall,Electronics,Audio,Audio,705.41,423.25,282.16,40
ORD10490,2025-08-11,East,Summer,Clothing,Footwear,Footwear,432.12,410.51,21.61,47
ORD10491,2025-09-07,East,Fall,Electronics,Audio,Audio,988.97,593.38,395.59,26
ORD10492,2025-05-27,North,Summer,Home & Kitchen,Appliances,Appliances,1239.18,991.34,247.84,26
ORD10493,2025-04-06,South,Spring,Clothing,Men's Wear,Men's Wear,113.45,68.07,45.38,16
ORD10494,2025-09-14,North,Fall,Electronics,Smartphones,Smartphones,1169.65,1111.17,58.48,65
ORD10495,2025-11-21,South,Fall,Home & Kitchen,Cookware,Cookware,1236.04,1421.45,-185.41,115
ORD10496,2025-01-04,East,Summer,Clothing,Kids' Wear,Kids' Wear,703.05,667.9,35.15,48
ORD10497,2025-01-16,South,Fall,Home & Kitchen,Cookware,Cookware,1475.29,885.17,590.12,35
ORD10498,2025-10-07,West,Summer,Electronics,Smartphones,Smartphones,1184.33,710.6,473.73,35
ORD10499,2025-12-02,East,Summer,Electronics,Smartphones,Smartphones,1165.02,932.02,233.0,27
ORD10500,2025-09-04,West,Summer,Electronics,Audio,Audio,1126.8,676.08,450.72,24
ORD10501,2025-09-15,North,Summer,Electronics,Accessories,Accessories,242.9,145.74,97.16,19
ORD10502,2025-06-09,North,Spring,Clothing,Men's Wear,Men's Wear,341.5,273.2,68.3,27
ORD10503,2025-12-06,North,Summer,Clothing,Footwear,Footwear,706.71,565.37,141.34,32
ORD10504,2025-06-01,South,Winter,Home & Kitchen,Appliances,Appliances,410.73,472.34,-61.61,75
ORD10505,2025-06-27,East,Fall,Electronics,Laptops,Laptops,634.56,380.74,253.82,41
ORD10506,2025-06-12,North,Winter,Home & Kitchen,Appliances,Appliances,1334.93,800.96,533.97,25
ORD10507,2025-02-02,North,Spring,Clothing,Kids' Wear,Kids' Wear,1240.0,744.0,496.0,19
ORD10508,2025-06-28,East,Winter,Electronics,Smartphones,Smartphones,952.46,1095.33,-142.87,76
ORD10509,2025-04-11,North,Fall,Electronics,Smartphones,Smartphones,1290.02,1225.52,64.5,81
ORD10510,2025-09-25,West,Winter,Clothing,Kids' Wear,Kids' Wear,1179.98,1120.98,59.0,57
ORD10511,2025-11-19,East,Spring,Clothing,Men's Wear,Men's Wear,654.9,753.14,-98.24,78
ORD10512,2025-03-06,East,Summer,Clothing,Men's Wear,Men's Wear,317.58,254.06,63.52,34
ORD10513,2025-06-17,East,Winter,,Men's Wear,Men's Wear,781.02,624.82,,22
ORD10514,2025-11-26,West,Spring,Clothing,Footwear,Footwear,1109.62,665.77,443.85,18
ORD10515,2025-02-12,East,Spring,Electronics,Audio,Audio,665.9,532.72,133.18,40
ORD10516,2025-02-13,West,Fall,Clothing,Kids' Wear,Kids' Wear,1006.82,805.46,201.36,40
ORD10517,2025-10-12,East,Fall,Electronics,Smartphones,Smartphones,159.6,127.68,31.92,24
ORD10518,2025-01-12,South,Winter,Electronics,Audio,Audio,1127.05,1296.11,-169.06,111
ORD10519,2025-04-05,North,Summer,Clothing,Kids' Wear,Kids' Wear,1222.82,1406.24,-183.42,78
ORD10520,2025-10-29,South,Spring,Clothing,Men's Wear,Men's Wear,1066.12,1012.81,53.31,89
ORD10521,2025-09-10,North,Winter,,Laptops,Laptops,1451.55,1378.97,,88
ORD10522,2025-08-30,West,Spring,Clothing,Men's Wear,Men's Wear,1243.45,994.76,248.69,11
ORD10523,2025-02-04,South,Spring,Clothing,Men's Wear,Men's Wear,1356.58,813.95,542.63,8
ORD10524,2025-08-03,East,Summer,Clothing,Footwear,Footwear,1401.69,841.01,560.68,38
ORD10525,2025-12-03,North,Summer,Home & Kitchen,Appliances,Appliances,1206.0,964.8,241.2,6
ORD10526,2025-03-31,North,Winter,Electronics,Accessories,Accessories,1017.9,967.0,50.9,49
ORD10527,2025-09-21,South,Summer,Home & Kitchen,Decor,Decor,28.46,17.08,,14
ORD10528,2025-04-03,West,Summer,Clothing,Men's Wear,Men's Wear,709.42,815.83,-106.41,91
ORD10529,2025-03-31,South,Winter,Home & Kitchen,Cookware,Cookware,865.32,519.19,346.13,17
ORD10530,2025-04-25,West,Summer,Clothing,Men's Wear,Men's Wear,469.96,281.98,187.98,43
ORD10531,2025-04-15,West,Fall,Home & Kitchen,Furniture,Furniture,490.79,392.63,98.16,9
ORD10532,2025-07-15,North,Spring,Clothing,Women's Wear,Women's Wear,1442.52,865.51,577.01,14
ORD10533,2025-11-10,South,Spring,Home & Kitchen,Decor,Decor,1339.73,803.84,535.89,14
ORD10534,2025-04-24,South,Spring,Home & Kitchen,Appliances,Appliances,1276.78,766.07,510.71,42
ORD10535,2025-03-16,West,Spring,Home & Kitchen,Decor,Decor,620.9,589.86,31.04,71
ORD10536,2025-08-05,South,Winter,Electronics,Audio,Audio,40.27,32.22,8.05,25
ORD10537,2025-10-04,East,Spring,Home & Kitchen,Furniture,Furniture,138.73,110.98,27.75,12
ORD10538,2025-09-06,East,Spring,Electronics,Accessories,Accessories,482.05,385.64,96.41,5
ORD10539,2025-06-13,South,Spring,Clothing,Kids' Wear,Kids' Wear,43.3,25.98,17.32,32
ORD10540,2025-12-23,South,Spring,Home & Kitchen,Decor,Decor,45.38,52.19,-6.81,108
ORD10541,2025-07-11,West,Fall,Clothing,Women's Wear,Women's Wear,1376.57,825.94,550.63,43
ORD10542,2025-08-15,East,Spring,Clothing,Footwear,Footwear,1065.11,1224.88,-159.77,73
ORD10543,2025-06-26,East,Fall,Home & Kitchen,Cookware,Cookware,477.25,381.8,95.45,25
ORD10544,2025-04-09,North,Winter,Electronics,Accessories,Accessories,216.31,248.76,-32.45,89
ORD10545,2025-02-05,West,Summer,Home & Kitchen,Decor,Decor,777.22,466.33,310.89,25
ORD10546,2025-04-06,North,Spring,Clothing,Men's Wear,Men's Wear,27.91,22.33,5.58,13
ORD10547,2025-06-01,East,Summer,Clothing,Footwear,Footwear,1408.85,845.31,563.54,21
ORD10548,2025-05-31,West,Summer,Home & Kitchen,Appliances,Appliances,633.93,380.36,253.57,9
ORD10549,2025-07-09,South,Winter,Electronics,Smartphones,Smartphones,615.46,492.37,,35
ORD10550,2025-08-12,West,Summer,Electronics,Smartphones,Smartphones,598.08,358.85,239.23,44
ORD10551,2025-02-06,South,Fall,Clothing,Women's Wear,Women's Wear,122.61,98.09,24.52,42
ORD10552,2025-09-25,South,Summer,Clothing,Men's Wear,Men's Wear,964.72,578.83,385.89,23
ORD10553,2025-07-02,West,Summer,Electronics,Smartphones,Smartphones,1104.85,662.91,441.94,40
ORD10554,2025-01-13,South,Summer,Home & Kitchen,Decor,Decor,1020.67,969.64,51.03,77
ORD10555,2025-10-06,North,Spring,Clothing,Kids' Wear,Kids' Wear,224.88,179.9,44.98,17
ORD10556,2025-08-05,East,Spring,Electronics,Laptops,Laptops,876.68,701.34,175.34,18
ORD10557,2025-12-21,South,Fall,Clothing,Footwear,Footwear,862.84,690.27,172.57,37
ORD10558,2025-12-27,North,Fall,Home & Kitchen,Furniture,Furniture,1305.25,1239.99,65.26,73
ORD10559,2025-10-13,South,Spring,Electronics,Smartphones,Smartphones,581.11,348.67,232.44,40
ORD10560,2025-09-30,East,Fall,Clothing,Women's Wear,Women's Wear,569.8,455.84,113.96,14
ORD10561,2025-03-03,North,Spring,Home & Kitchen,Appliances,Appliances,935.42,1075.73,-140.31,90
ORD10562,2025-03-25,East,Winter,Clothing,Women's Wear,Women's Wear,956.95,909.1,47.85,50
ORD10563,2025-08-05,East,Summer,Home & Kitchen,Decor,Decor,714.54,571.63,142.91,5
ORD10564,2025-12-08,North,Summer,Home & Kitchen,Cookware,Cookware,675.73,540.58,135.15,11
ORD10565,2025-07-06,North,Fall,Electronics,Smartphones,Smartphones,751.34,713.77,37.57,71
ORD10566,2025-01-19,North,Spring,Home & Kitchen,Decor,Decor,1294.35,1035.48,258.87,25
ORD10567,2025-06-26,West,Spring,Clothing,Men's Wear,Men's Wear,702.53,421.52,281.01,32
ORD10568,2025-04-10,North,Fall,Home & Kitchen,Appliances,Appliances,1411.1,846.66,564.44,20
ORD10569,2025-08-21,North,Spring,Home & Kitchen,Furniture,Furniture,765.93,727.63,38.3,67
ORD10570,2025-03-17,North,Winter,Electronics,Smartphones,Smartphones,1424.82,854.89,569.93,24
ORD10571,2025-09-22,North,Summer,Home & Kitchen,Cookware,Cookware,1252.59,1189.96,62.63,82
ORD10572,2025-10-11,South,Fall,Home & Kitchen,Furniture,Furniture,556.4,333.84,222.56,29
ORD10573,2025-07-25,West,Fall,Clothing,Footwear,Footwear,1298.19,1038.55,259.64,32
ORD10574,2025-08-11,East,Spring,Electronics,Audio,Audio,182.89,109.73,73.16,9
ORD10575,2025-02-21,North,Fall,Electronics,Accessories,Accessories,1389.07,833.44,555.63,25
ORD10576,2025-12-05,South,Winter,Electronics,Audio,Audio,954.83,1098.05,-143.22,77
ORD10577,2025-05-24,South,Spring,Home & Kitchen,Cookware,Cookware,100.5,95.47,5.03,50
ORD10578,2025-03-10,South,Spring,Electronics,Accessories,Accessories,973.5,778.8,194.7,33
ORD10579,2025-04-09,East,Spring,Home & Kitchen,Decor,Decor,1461.89,1169.51,292.38,23
ORD10580,2025-01-25,North,Spring,Home & Kitchen,Cookware,Cookware,123.3,98.64,24.66,37
ORD10581,2025-02-22,West,Winter,Clothing,Footwear,Footwear,840.94,672.75,168.19,5
ORD10582,2025-05-31,West,Spring,Clothing,Footwear,Footwear,1126.74,901.39,225.35,7
ORD10583,2025-05-24,South,Fall,Clothing,Men's Wear,Men's Wear,1219.18,731.51,487.67,25
ORD10584,2025-02-26,East,Winter,Clothing,Footwear,Footwear,632.46,505.97,126.49,39
ORD10585,2025-02-08,East,Summer,Clothing,Footwear,Footwear,322.17,306.06,16.11,85
ORD10586,2025-04-19,East,Summer,Home & Kitchen,Cookware,Cookware,82.67,95.07,-12.4,99
ORD10587,2025-06-30,West,Fall,Home & Kitchen,Cookware,Cookware,877.99,526.79,351.2,7
ORD10588,2025-02-11,South,Fall,Electronics,Smartphones,Smartphones,690.31,655.79,34.52,69
ORD10589,2025-07-05,North,Winter,Home & Kitchen,Decor,Decor,1424.14,1139.31,284.83,42
ORD10590,2025-08-11,West,Summer,Home & Kitchen,Furniture,Furniture,109.7,87.76,21.94,24
ORD10591,2025-05-02,South,Summer,Clothing,Footwear,Footwear,1034.39,620.63,413.76,38
ORD10592,2025-05-13,South,Summer,Home & Kitchen,Appliances,Appliances,56.95,45.56,11.39,25
ORD10593,2025-06-12,North,Summer,Clothing,Kids' Wear,Kids' Wear,273.72,164.23,109.49,27
ORD10594,2025-08-03,North,Summer,Electronics,Smartphones,Smartphones,691.3,414.78,276.52,10
ORD10595,2025-08-09,North,Spring,Electronics,Smartphones,Smartphones,693.21,658.55,34.66,57
ORD10596,2025-08-23,East,Fall,Home & Kitchen,Furniture,Furniture,1034.84,983.1,51.74,67
ORD10597,2025-11-27,North,Spring,Electronics,Laptops,Laptops,1367.12,1093.7,273.42,13
ORD10598,2025-05-26,South,Summer,Home & Kitchen,Cookware,Cookware,965.77,1110.64,-144.87,76
ORD10599,2025-08-27,North,Winter,Electronics,Laptops,Laptops,1431.23,858.74,572.49,6
ORD10600,2025-03-17,South,Winter,Clothing,Men's Wear,Men's Wear,1324.79,794.87,529.92,23
ORD10601,2025-01-09,West,Summer,Clothing,Footwear,Footwear,885.06,708.05,177.01,23
ORD10602,2025-03-15,East,Summer,Clothing,Kids' Wear,Kids' Wear,1254.01,752.41,501.6,11
ORD10603,2025-09-10,West,Winter,Clothing,Men's Wear,Men's Wear,971.01,582.61,388.4,24
ORD10604,2025-08-18,West,Spring,Home & Kitchen,Cookware,Cookware,136.27,81.76,54.51,13
ORD10605,2025-01-07,South,Spring,Electronics,Laptops,Laptops,1116.04,669.62,446.42,21
ORD10606,2025-06-23,West,Summer,Home & Kitchen,Furniture,Furniture,160.46,152.44,8.02,71
ORD10607,2025-05-21,South,Spring,Clothing,Men's Wear,Men's Wear,899.24,539.54,359.7,6
ORD10608,2025-06-17,North,Winter,Home & Kitchen,Cookware,Cookware,1059.91,847.93,211.98,40
ORD10609,2025-06-19,North,Spring,Electronics,Audio,Audio,118.46,71.08,47.38,23
ORD10610,2025-10-10,South,Summer,Home & Kitchen,Cookware,Cookware,361.58,289.26,72.32,21
ORD10611,2025-05-02,North,Winter,Electronics,Laptops,Laptops,1375.19,825.11,550.08,9
ORD10612,2025-07-13,East,Spring,Home & Kitchen,Furniture,Furniture,932.15,885.54,46.61,83
ORD10613,2025-01-05,West,Fall,Electronics,Audio,Audio,384.5,307.6,76.9,22
ORD10614,2025-01-29,East,Winter,Electronics,Laptops,Laptops,1042.21,625.33,416.88,11
ORD10615,2025-06-14,West,Winter,Clothing,Women's Wear,Women's Wear,903.23,722.58,180.65,21
ORD10616,2025-12-05,North,Fall,Electronics,Accessories,Accessories,762.33,457.4,304.93,43
ORD10617,2025-05-16,East,Fall,Clothing,Men's Wear,Men's Wear,1464.76,1171.81,292.95,40
ORD10618,2025-12-31,North,Winter,Clothing,Kids' Wear,Kids' Wear,1031.51,618.91,412.6,44
ORD10619,2025-11-17,West,Fall,Clothing,Kids' Wear,Kids' Wear,575.65,662.0,-86.35,104
ORD10620,2025-12-08,South,Summer,Home & Kitchen,Cookware,Cookware,1204.11,722.47,481.64,8
ORD10621,2025-05-25,South,Summer,Home & Kitchen,Furniture,Furniture,1329.18,1063.34,265.84,42
ORD10622,2025-11-23,East,Summer,Home & Kitchen,Decor,Decor,205.33,123.2,82.13,29
ORD10623,2025-08-05,North,Winter,Home & Kitchen,Cookware,Cookware,316.82,190.09,126.73,9
ORD10624,2025-10-28,North,Fall,Electronics,Audio,Audio,340.02,272.02,68.0,34
ORD10625,2025-05-12,East,Fall,Electronics,Audio,Audio,1042.99,1199.44,-156.45,71
ORD10626,2025-10-19,South,Spring,,Furniture,Furniture,912.5,547.5,,8
ORD10627,2025-03-11,West,Spring,Electronics,Accessories,Accessories,936.11,561.67,374.44,28
ORD10628,2025-09-09,East,Fall,Electronics,Smartphones,Smartphones,1412.34,847.4,564.94,33
ORD10629,2025-10-02,West,Fall,Clothing,Footwear,Footwear,1168.35,701.01,467.34,13
ORD10630,2025-12-30,South,Fall,Clothing,Women's Wear,Women's Wear,209.35,125.61,83.74,8
ORD10631,2025-07-01,North,Winter,Clothing,Footwear,Footwear,534.31,427.45,106.86,28
ORD10632,2025-06-16,South,Fall,Clothing,Women's Wear,Women's Wear,664.38,398.63,265.75,18
ORD10633,2025-04-01,East,Spring,Electronics,Laptops,Laptops,606.02,363.61,242.41,9
ORD10634,2025-07-21,North,Winter,Home & Kitchen,Furniture,Furniture,1010.58,960.05,50.53,62
ORD10635,2025-12-12,East,Fall,Electronics,Audio,Audio,1340.0,804.0,536.0,23
ORD10636,2025-01-19,East,Spring,,Accessories,Accessories,472.96,283.78,,16
ORD10637,2025-02-08,South,Winter,Electronics,Audio,Audio,836.78,502.07,334.71,22
ORD10638,2025-05-06,East,Fall,Clothing,Footwear,Footwear,1188.33,950.66,237.67,21
ORD10639,2025-06-22,South,Fall,Clothing,Kids' Wear,Kids' Wear,636.0,381.6,254.4,34
ORD10640,2025-05-21,North,Fall,Clothing,Men's Wear,Men's Wear,268.81,215.05,53.76,28
ORD10641,2025-08-30,South,Winter,Home & Kitchen,Decor,Decor,722.93,433.76,289.17,15
ORD10642,2025-08-08,North,Spring,Electronics,Audio,Audio,101.73,81.38,20.35,39
ORD10643,2025-05-06,South,Spring,Home & Kitchen,Cookware,Cookware,1414.73,848.84,565.89,27
ORD10644,2025-02-27,West,Summer,Clothing,Footwear,Footwear,130.74,104.59,26.15,21
ORD10645,2025-05-28,West,Fall,Home & Kitchen,Appliances,Appliances,668.92,635.47,33.45,45
ORD10646,2025-11-13,East,Summer,Electronics,Laptops,Laptops,804.22,643.38,160.84,19
ORD10647,2025-12-27,South,Summer,Electronics,Smartphones,Smartphones,1478.25,886.95,591.3,36
ORD10648,2025-01-01,South,Spring,Clothing,Women's Wear,Women's Wear,265.71,159.43,106.28,13
ORD10649,2025-12-14,North,Winter,Clothing,Kids' Wear,Kids' Wear,189.36,113.62,75.74,19
ORD10650,2025-07-09,East,Winter,Home & Kitchen,Appliances,Appliances,32.89,19.73,13.16,32
ORD10651,2025-07-10,South,Spring,Clothing,Women's Wear,Women's Wear,250.25,150.15,100.1,28
ORD10652,2025-11-08,East,Winter,Clothing,Men's Wear,Men's Wear,326.76,310.42,16.34,79
ORD10653,2025-04-27,West,Summer,Electronics,Laptops,Laptops,953.26,571.96,381.3,26
ORD10654,2025-05-14,South,Fall,Clothing,Men's Wear,Men's Wear,345.17,276.14,69.03,31
ORD10655,2025-02-27,South,Spring,Clothing,Women's Wear,Women's Wear,50.37,40.3,10.07,23
ORD10656,2025-02-13,East,Fall,Electronics,Accessories,Accessories,1243.4,994.72,248.68,16
ORD10657,2025-06-22,South,Winter,Electronics,Audio,Audio,561.08,336.65,224.43,24
ORD10658,2025-06-09,East,Fall,Home & Kitchen,Decor,Decor,543.47,516.3,27.17,45
ORD10659,2025-06-22,South,Winter,Clothing,Men's Wear,Men's Wear,467.67,280.6,187.07,25
ORD10660,2025-11-13,North,Winter,,Smartphones,Smartphones,1463.55,1390.37,,89
ORD10661,2025-10-30,East,Summer,Home & Kitchen,Furniture,Furniture,271.77,258.18,13.59,45
ORD10662,2025-05-29,South,Winter,Home & Kitchen,Appliances,Appliances,1349.39,1281.92,67.47,54
ORD10663,2025-03-21,West,Summer,Clothing,Women's Wear,Women's Wear,1169.67,935.74,233.93,36
ORD10664,2025-08-01,South,Summer,Clothing,Kids' Wear,Kids' Wear,133.19,79.91,53.28,43
ORD10665,2025-07-22,West,Summer,Home & Kitchen,Decor,Decor,1480.36,888.22,592.14,26
ORD10666,2025-09-09,West,Spring,Electronics,Smartphones,Smartphones,421.62,337.3,84.32,22
ORD10667,2025-08-17,North,Spring,Home & Kitchen,Cookware,Cookware,165.9,99.54,66.36,36
ORD10668,2025-06-13,East,Winter,Clothing,Footwear,Footwear,1247.39,1185.02,62.37,71
ORD10669,2025-08-15,South,Summer,Electronics,Audio,Audio,1065.88,639.53,426.35,32
ORD10670,2025-05-27,North,Spring,Electronics,Audio,Audio,933.48,560.09,373.39,22
ORD10671,2025-01-20,South,Summer,Home & Kitchen,Appliances,Appliances,250.85,150.51,100.34,43
ORD10672,2025-02-16,West,Fall,Clothing,Men's Wear,Men's Wear,728.17,436.9,291.27,33
ORD10673,2025-08-21,East,Fall,Home & Kitchen,Decor,Decor,1175.22,940.18,235.04,22
ORD10674,2025-11-01,South,Fall,Home & Kitchen,Furniture,Furniture,469.36,445.89,23.47,88
ORD10675,2025-01-14,South,Winter,Home & Kitchen,Appliances,Appliances,481.3,385.04,96.26,12
ORD10676,2025-05-23,West,Summer,Electronics,Audio,Audio,24.65,23.42,1.23,75
ORD10677,2025-01-01,South,Fall,Electronics,Accessories,Accessories,277.88,263.99,13.89,78
ORD10678,2025-02-23,South,Spring,,Kids' Wear,Kids' Wear,1315.6,1249.82,,51
ORD10679,2025-09-16,West,Fall,Clothing,Men's Wear,Men's Wear,673.78,404.27,269.51,40
ORD10680,2025-05-24,North,Fall,Home & Kitchen,Decor,Decor,1476.67,1402.84,73.83,62
ORD10681,2025-01-12,West,Fall,Home & Kitchen,Appliances,Appliances,605.65,363.39,242.26,42
ORD10682,2025-11-26,North,Winter,Home & Kitchen,Decor,Decor,1078.48,647.09,431.39,13
ORD10683,2025-08-12,East,Spring,Clothing,Men's Wear,Men's Wear,437.24,349.79,87.45,13
ORD10684,2025-09-29,North,Summer,Electronics,Accessories,Accessories,558.44,335.06,223.38,12
ORD10685,2025-12-24,North,Spring,Electronics,Smartphones,Smartphones,302.27,181.36,120.91,39
ORD10686,2025-06-05,East,Summer,Home & Kitchen,Decor,Decor,533.65,320.19,213.46,22
ORD10687,2025-01-08,North,Winter,Home & Kitchen,Decor,Decor,829.91,497.95,331.96,9
ORD10688,2025-05-02,West,Winter,Home & Kitchen,Furniture,Furniture,1487.82,1710.99,-223.17,73
ORD10689,2025-12-14,North,Winter,Home & Kitchen,Cookware,Cookware,1003.02,601.81,401.21,32
ORD10690,2025-06-13,East,Winter,Clothing,Kids' Wear,Kids' Wear,314.88,188.93,125.95,34
ORD10691,2025-03-31,West,Summer,Electronics,Audio,Audio,86.54,69.23,17.31,8
ORD10692,2025-05-16,East,Fall,Home & Kitchen,Decor,Decor,207.01,124.21,82.8,43
ORD10693,2025-07-05,East,Summer,Clothing,Kids' Wear,Kids' Wear,852.58,980.47,-127.89,79
ORD10694,2025-11-12,South,Spring,Home & Kitchen,Furniture,Furniture,1152.44,691.46,460.98,29
ORD10695,2025-06-27,South,Winter,Home & Kitchen,Furniture,Furniture,1411.82,1129.46,282.36,32
ORD10696,2025-01-28,East,Winter,Electronics,Smartphones,Smartphones,43.42,34.74,8.68,16
ORD10697,2025-08-08,East,Spring,Home & Kitchen,Cookware,Cookware,793.69,912.74,-119.05,61
ORD10698,2025-12-23,East,Summer,Electronics,Laptops,Laptops,716.88,573.5,143.38,18
ORD10699,2025-02-10,South,Fall,Electronics,Audio,Audio,990.96,941.41,49.55,66
ORD10700,2025-08-16,South,Fall,Electronics,Smartphones,Smartphones,848.18,508.91,339.27,35
ORD10701,2025-07-11,North,Spring,Clothing,Kids' Wear,Kids' Wear,1036.82,622.09,414.73,27
ORD10702,2025-05-25,North,Fall,Clothing,Footwear,Footwear,993.96,596.38,397.58,24
ORD10703,2025-07-20,East,Summer,Electronics,Accessories,Accessories,193.18,183.52,9.66,82
ORD10704,2025-07-31,West,Summer,Home & Kitchen,Decor,Decor,1203.58,722.15,481.43,8
ORD10705,2025-08-08,West,Spring,Electronics,Laptops,Laptops,202.38,121.43,80.95,19
ORD10706,2025-08-28,South,Summer,Home & Kitchen,Decor,Decor,1053.83,632.3,421.53,28
ORD10707,2025-02-15,South,Winter,Electronics,Laptops,Laptops,635.9,381.54,254.36,29
ORD10708,2025-02-04,South,Spring,Home & Kitchen,Decor,Decor,780.5,468.3,312.2,5
ORD10709,2025-09-10,East,Summer,Clothing,Men's Wear,Men's Wear,1356.88,1560.41,-203.53,66
ORD10710,2025-03-23,West,Spring,Home & Kitchen,Appliances,Appliances,1337.03,1069.62,267.41,35
ORD10711,2025-09-13,North,Fall,Electronics,Smartphones,Smartphones,1230.43,984.34,246.09,16
ORD10712,2025-07-16,East,Summer,Clothing,Footwear,Footwear,775.02,736.27,38.75,86
ORD10713,2025-10-30,North,Winter,Home & Kitchen,Decor,Decor,1109.63,665.78,443.85,9
ORD10714,2025-01-10,North,Summer,Home & Kitchen,Decor,Decor,779.09,467.45,311.64,42
ORD10715,2025-11-08,East,Spring,Home & Kitchen,Cookware,Cookware,1307.02,784.21,522.81,16
ORD10716,2025-10-13,North,Spring,Home & Kitchen,Appliances,Appliances,616.11,369.67,246.44,43
ORD10717,2025-08-30,West,Summer,Home & Kitchen,Appliances,Appliances,1455.95,1164.76,291.19,22
ORD10718,2025-09-08,North,Winter,Clothing,Footwear,Footwear,1399.84,839.9,559.94,6
ORD10719,2025-12-31,West,Winter,Clothing,Footwear,Footwear,1117.57,670.54,447.03,14
ORD10720,2025-01-05,West,Winter,Clothing,Women's Wear,Women's Wear,433.54,346.83,86.71,19
ORD10721,2025-04-29,West,Spring,Clothing,Men's Wear,Men's Wear,214.85,247.08,-32.23,89
ORD10722,2025-10-16,South,Summer,Electronics,Smartphones,Smartphones,1284.96,1220.71,64.25,88
ORD10723,2025-03-06,North,Fall,Clothing,Kids' Wear,Kids' Wear,264.65,251.42,13.23,61
ORD10724,2025-05-26,East,Spring,Home & Kitchen,Cookware,Cookware,1284.31,1220.09,64.22,48
ORD10725,2025-08-12,East,Winter,Home & Kitchen,Decor,Decor,746.33,447.8,298.53,11
ORD10726,2025-08-27,North,Summer,Clothing,Kids' Wear,Kids' Wear,621.7,590.61,31.09,85
ORD10727,2025-06-26,South,Winter,Home & Kitchen,Cookware,Cookware,1356.72,814.03,542.69,35
ORD10728,2025-09-24,South,Fall,Clothing,Men's Wear,Men's Wear,913.7,730.96,182.74,43
ORD10729,2025-12-07,West,Winter,Home & Kitchen,Cookware,Cookware,873.39,698.71,174.68,38
ORD10730,2025-10-09,North,Winter,Electronics,Smartphones,Smartphones,846.97,508.18,338.79,10
ORD10731,2025-03-04,North,Fall,Electronics,Laptops,Laptops,569.33,540.86,28.47,82
ORD10732,2025-08-05,East,Summer,Clothing,Kids' Wear,Kids' Wear,1182.75,1360.16,-177.41,104
ORD10733,2025-12-08,North,Spring,Clothing,Men's Wear,Men's Wear,394.14,236.48,157.66,38
ORD10734,2025-11-11,South,Summer,Clothing,Kids' Wear,Kids' Wear,1409.56,1339.08,70.48,88
ORD10735,2025-10-10,North,Fall,Home & Kitchen,Appliances,Appliances,1343.1,805.86,537.24,19
ORD10736,2025-06-26,East,Winter,Clothing,Men's Wear,Men's Wear,519.47,415.58,103.89,18
ORD10737,2025-04-08,West,Summer,,Smartphones,Smartphones,1099.61,879.69,,10
ORD10738,2025-04-15,East,Spring,Home & Kitchen,Decor,Decor,868.37,694.7,173.67,41
ORD10739,2025-04-09,East,Fall,Clothing,Footwear,Footwear,519.72,597.68,-77.96,109
ORD10740,2025-11-07,West,Summer,,Decor,Decor,1483.01,1408.86,,76
ORD10741,2025-01-06,East,Spring,Home & Kitchen,Appliances,Appliances,57.35,54.48,2.87,47
ORD10742,2025-07-16,East,Fall,Clothing,Kids' Wear,Kids' Wear,393.92,236.35,157.57,7
ORD10743,2025-12-17,North,Spring,Home & Kitchen,Decor,Decor,789.71,908.17,-118.46,81
ORD10744,2025-05-13,North,Fall,Electronics,Accessories,Accessories,792.49,475.49,317.0,26
ORD10745,2025-12-24,West,Winter,Electronics,Accessories,Accessories,891.62,847.04,44.58,54
ORD10746,2025-09-16,North,Summer,Home & Kitchen,Furniture,Furniture,1132.48,679.49,452.99,7
ORD10747,2025-01-23,North,Spring,Clothing,Men's Wear,Men's Wear,942.75,565.65,377.1,16
ORD10748,2025-02-22,East,Fall,Home & Kitchen,Appliances,Appliances,908.42,726.74,181.68,33
ORD10749,2025-06-14,South,Spring,Electronics,Audio,Audio,99.2,59.52,39.68,21
ORD10750,2025-07-21,North,Spring,Home & Kitchen,Cookware,Cookware,577.26,346.36,230.9,11
ORD10751,2025-03-24,South,Summer,Home & Kitchen,Decor,Decor,363.44,218.06,145.38,17
ORD10752,2025-05-25,North,Winter,Electronics,Laptops,Laptops,412.75,247.65,165.1,6
ORD10753,2025-03-26,North,Spring,Home & Kitchen,Decor,Decor,840.42,504.25,336.17,8
ORD10754,2025-03-19,West,Fall,Home & Kitchen,Furniture,Furniture,315.27,189.16,126.11,14
ORD10755,2025-01-01,West,Fall,Clothing,Kids' Wear,Kids' Wear,455.04,364.03,91.01,43
ORD10756,2025-02-20,West,Winter,Clothing,Kids' Wear,Kids' Wear,370.89,222.53,148.36,28
ORD10757,2025-06-22,South,Fall,Electronics,Smartphones,Smartphones,1423.78,1139.02,284.76,21
ORD10758,2025-07-24,East,Winter,Electronics,Laptops,Laptops,1418.11,850.87,567.24,10
ORD10759,2025-09-17,North,Fall,Electronics,Laptops,Laptops,922.71,1061.12,-138.41,78
ORD10760,2025-10-15,North,Summer,Clothing,Women's Wear,Women's Wear,1388.29,1318.88,69.41,49
ORD10761,2025-02-03,North,Spring,,Smartphones,Smartphones,1183.0,709.8,,36
ORD10762,2025-12-14,South,Summer,Electronics,Laptops,Laptops,893.12,848.46,44.66,54
ORD10763,2025-04-05,West,Spring,Electronics,Smartphones,Smartphones,29.52,28.04,1.48,53
ORD10764,2025-03-13,East,Spring,Clothing,Footwear,Footwear,1163.32,1337.82,-174.5,86
ORD10765,2025-02-08,South,Spring,Home & Kitchen,Decor,Decor,1059.68,847.74,211.94,17
ORD10766,2025-06-03,West,Summer,Electronics,Smartphones,Smartphones,930.58,558.35,372.23,23
ORD10767,2025-09-07,South,Spring,Home & Kitchen,Appliances,Appliances,1145.43,916.34,229.09,25
ORD10768,2025-06-11,East,Summer,Electronics,Audio,Audio,779.12,623.3,155.82,28
ORD10769,2025-04-28,West,Winter,Home & Kitchen,Cookware,Cookware,1062.04,849.63,212.41,42
ORD10770,2025-09-16,South,Fall,Clothing,Men's Wear,Men's Wear,1404.05,842.43,561.62,8
ORD10771,2025-11-02,East,Fall,Clothing,Women's Wear,Women's Wear,576.19,547.38,28.81,68
ORD10772,2025-09-25,North,Spring,Electronics,Laptops,Laptops,1068.02,1228.22,-160.2,118
ORD10773,2025-02-23,East,Summer,Home & Kitchen,Appliances,Appliances,724.02,434.41,289.61,39
ORD10774,2025-08-24,North,Fall,Clothing,Women's Wear,Women's Wear,1018.11,610.87,407.24,7
ORD10775,2025-08-10,South,Summer,Electronics,Accessories,Accessories,1149.08,689.45,459.63,8
ORD10776,2025-09-08,West,Summer,Electronics,Audio,Audio,87.27,82.91,4.36,81
ORD10777,2025-11-09,West,Spring,Clothing,Men's Wear,Men's Wear,976.97,781.58,195.39,44
ORD10778,2025-04-22,South,Fall,Clothing,Women's Wear,Women's Wear,355.58,284.46,71.12,39
ORD10779,2025-09-12,West,Spring,Electronics,Smartphones,Smartphones,1011.65,809.32,202.33,35
ORD10780,2025-10-30,West,Spring,Home & Kitchen,Cookware,Cookware,713.13,570.5,142.63,29
ORD10781,2025-07-26,North,Fall,Home & Kitchen,Furniture,Furniture,1164.86,698.92,465.94,44
ORD10782,2025-08-17,South,Fall,Home & Kitchen,Cookware,Cookware,202.63,162.1,40.53,17
ORD10783,2025-12-07,East,Winter,Electronics,Laptops,Laptops,946.96,899.61,47.35,48
ORD10784,2025-03-07,North,Winter,Clothing,Women's Wear,Women's Wear,432.14,496.96,-64.82,105
ORD10785,2025-03-16,South,Summer,Electronics,Laptops,Laptops,1282.41,1474.77,-192.36,73
ORD10786,2025-04-13,North,Fall,Clothing,Women's Wear,Women's Wear,1394.01,1603.11,-209.1,72
ORD10787,2025-07-11,East,Winter,Home & Kitchen,Cookware,Cookware,1494.67,1195.74,298.93,31
ORD10788,2025-09-09,East,Summer,Home & Kitchen,Cookware,Cookware,1198.09,958.47,239.62,10
ORD10789,2025-08-14,South,Summer,Clothing,Women's Wear,Women's Wear,1135.53,1078.75,56.78,61
ORD10790,2025-10-21,East,Summer,Clothing,Women's Wear,Women's Wear,338.94,389.78,-50.84,95
ORD10791,2025-11-02,North,Winter,Electronics,Smartphones,Smartphones,517.29,310.37,206.92,44
ORD10792,2025-04-08,East,Fall,Home & Kitchen,Appliances,Appliances,709.21,425.53,283.68,39
ORD10793,2025-12-04,North,Spring,Electronics,Laptops,Laptops,1164.6,698.76,465.84,21
ORD10794,2025-10-13,North,Summer,Electronics,Accessories,Accessories,1374.15,1099.32,274.83,6
ORD10795,2025-12-01,East,Winter,Electronics,Laptops,Laptops,299.93,179.96,119.97,17
ORD10796,2025-12-13,South,Winter,Home & Kitchen,Cookware,Cookware,1385.1,831.06,554.04,6
ORD10797,2025-11-04,West,Spring,Electronics,Smartphones,Smartphones,1049.52,629.71,419.81,32
ORD10798,2025-09-06,East,Spring,Electronics,Audio,Audio,923.94,554.36,369.58,30
ORD10799,2025-06-15,North,Winter,Electronics,Audio,Audio,315.77,299.98,15.79,66
ORD10800,2025-12-01,North,Fall,Electronics,Smartphones,Smartphones,102.18,61.31,40.87,7
ORD10801,2025-01-30,East,Spring,Electronics,Accessories,Accessories,861.33,689.06,172.27,39
ORD10802,2025-09-04,South,Winter,Electronics,Audio,Audio,984.24,787.39,196.85,16
ORD10803,2025-04-16,South,Spring,Home & Kitchen,Furniture,Furniture,331.96,315.36,16.6,68
ORD10804,2025-02-20,North,Fall,Electronics,Smartphones,Smartphones,843.56,506.14,337.42,9
ORD10805,2025-03-22,North,Summer,Clothing,Footwear,Footwear,1287.61,1480.75,-193.14,79
ORD10806,2025-05-13,South,Spring,Electronics,Accessories,Accessories,1255.9,1004.72,251.18,43
ORD10807,2025-10-12,West,Fall,Electronics,Smartphones,Smartphones,1392.49,1601.36,-208.87,98
ORD10808,2025-05-18,East,Winter,Home & Kitchen,Cookware,Cookware,561.51,645.74,-84.23,72
ORD10809,2025-07-03,North,Spring,Home & Kitchen,Appliances,Appliances,490.71,294.43,196.28,16
ORD10810,2025-11-26,North,Spring,Clothing,Kids' Wear,Kids' Wear,1129.15,677.49,451.66,17
ORD10811,2025-09-30,South,Winter,,Footwear,Footwear,658.05,394.83,,14
ORD10812,2025-12-06,East,Summer,Home & Kitchen,Decor,Decor,149.57,119.66,29.91,37
ORD10813,2025-03-10,South,Winter,Home & Kitchen,Cookware,Cookware,438.55,263.13,175.42,44
ORD10814,2025-02-03,East,Spring,Electronics,Smartphones,Smartphones,639.5,383.7,255.8,20
ORD10815,2025-09-19,East,Winter,Home & Kitchen,Decor,Decor,452.92,362.34,90.58,39
ORD10816,2025-02-22,East,Fall,Clothing,Footwear,Footwear,511.66,307.0,204.66,7
ORD10817,2025-07-24,North,Winter,Electronics,Accessories,Accessories,454.79,272.87,181.92,9
ORD10818,2025-05-06,West,Spring,Clothing,Footwear,Footwear,81.42,65.14,16.28,30
ORD10819,2025-08-23,South,Winter,Electronics,Audio,Audio,962.9,577.74,385.16,15
ORD10820,2025-02-12,West,Summer,Home & Kitchen,Decor,Decor,903.99,542.39,361.6,11
ORD10821,2025-08-28,South,Winter,Clothing,Footwear,Footwear,987.01,789.61,197.4,14
ORD10822,2025-04-21,East,Summer,Electronics,Accessories,Accessories,304.62,243.7,60.92,38
ORD10823,2025-09-06,North,Fall,Electronics,Laptops,Laptops,457.57,434.69,22.88,47
ORD10824,2025-05-31,West,Summer,Home & Kitchen,Cookware,Cookware,937.03,749.62,187.41,12
ORD10825,2025-07-02,North,Winter,Home & Kitchen,Furniture,Furniture,907.45,725.96,181.49,35
ORD10826,2025-12-02,South,Spring,Home & Kitchen,Decor,Decor,769.37,615.5,153.87,15
ORD10827,2025-04-05,North,Summer,Clothing,Kids' Wear,Kids' Wear,538.61,511.68,26.93,89
ORD10828,2025-01-08,North,Fall,Electronics,Smartphones,Smartphones,1371.14,1302.58,68.56,51
ORD10829,2025-12-26,West,Summer,Home & Kitchen,Furniture,Furniture,522.86,496.72,26.14,89
ORD10830,2025-07-03,East,Summer,Clothing,Women's Wear,Women's Wear,694.32,555.46,138.86,6
ORD10831,2025-10-08,North,Summer,Clothing,Kids' Wear,Kids' Wear,1023.61,614.17,409.44,10
ORD10832,2025-07-14,East,Fall,Clothing,Kids' Wear,Kids' Wear,823.67,494.2,329.47,36
ORD10833,2025-12-18,South,Winter,Home & Kitchen,Appliances,Appliances,533.39,320.03,213.36,24
ORD10834,2025-07-14,North,Summer,Home & Kitchen,Cookware,Cookware,664.75,764.46,-99.71,116
ORD10835,2025-06-04,West,Summer,Electronics,Laptops,Laptops,1195.83,956.66,239.17,38
ORD10836,2025-04-03,South,Spring,Electronics,Laptops,Laptops,431.63,410.05,21.58,60
ORD10837,2025-06-09,South,Fall,Home & Kitchen,Cookware,Cookware,230.54,138.32,92.22,29
ORD10838,2025-03-02,West,Summer,Clothing,Women's Wear,Women's Wear,483.48,459.31,24.17,56
ORD10839,2025-05-02,North,Fall,Clothing,Footwear,Footwear,1277.31,766.39,510.92,11
ORD10840,2025-02-20,North,Summer,Clothing,Footwear,Footwear,151.7,91.02,60.68,43
ORD10841,2025-10-04,South,Winter,Electronics,Accessories,Accessories,1487.71,892.63,595.08,21
ORD10842,2025-01-05,North,Winter,Clothing,Men's Wear,Men's Wear,820.68,656.54,164.14,15
ORD10843,2025-04-02,East,Summer,Electronics,Accessories,Accessories,1477.57,1182.06,295.51,10
ORD10844,2025-06-19,West,Winter,Electronics,Smartphones,Smartphones,1409.71,1339.22,70.49,67
ORD10845,2025-11-13,East,Summer,Clothing,Women's Wear,Women's Wear,690.16,414.1,276.06,31
ORD10846,2025-01-22,North,Winter,Clothing,Men's Wear,Men's Wear,313.77,251.02,62.75,10
ORD10847,2025-11-22,South,Spring,Home & Kitchen,Appliances,Appliances,264.03,211.22,52.81,42
ORD10848,2025-01-01,West,Spring,Home & Kitchen,Appliances,Appliances,375.18,225.11,150.07,6
ORD10849,2025-05-13,North,Spring,Clothing,Men's Wear,Men's Wear,1071.0,1017.45,53.55,66
ORD10850,2025-08-21,North,Fall,Electronics,Audio,Audio,423.97,402.77,21.2,64
ORD10851,2025-01-12,South,Fall,Electronics,Laptops,Laptops,525.31,499.04,26.27,69
ORD10852,2025-12-12,South,Spring,Electronics,Laptops,Laptops,684.19,649.98,34.21,59
ORD10853,2025-02-15,East,Fall,Electronics,Accessories,Accessories,1371.58,1303.0,68.58,73
ORD10854,2025-02-03,West,Winter,Electronics,Audio,Audio,300.3,180.18,120.12,12
ORD10855,2025-03-19,West,Summer,Home & Kitchen,Furniture,Furniture,27.44,26.07,1.37,81
ORD10856,2025-08-06,South,Summer,Clothing,Women's Wear,Women's Wear,108.94,65.36,43.58,37
ORD10857,2025-10-28,East,Summer,Home & Kitchen,Decor,Decor,1359.05,815.43,543.62,26
ORD10858,2025-03-14,West,Spring,Electronics,Laptops,Laptops,978.32,586.99,391.33,9
ORD10859,2025-10-09,South,Fall,,Audio,Audio,424.1,402.9,,83
ORD10860,2025-09-06,North,Winter,Electronics,Audio,Audio,282.24,268.13,14.11,62
ORD10861,2025-02-16,West,Winter,Electronics,Accessories,Accessories,455.51,273.31,182.2,42
ORD10862,2025-05-01,East,Spring,Clothing,Women's Wear,Women's Wear,189.9,180.4,9.5,81
ORD10863,2025-08-02,East,Winter,Electronics,Smartphones,Smartphones,1413.47,1625.49,-212.02,89
ORD10864,2025-08-27,East,Winter,Clothing,Kids' Wear,Kids' Wear,1180.63,708.38,472.25,35
ORD10865,2025-02-25,North,Winter,Electronics,Accessories,Accessories,704.34,422.6,281.74,14
ORD10866,2025-12-16,West,Winter,Clothing,Men's Wear,Men's Wear,1300.14,1235.13,65.01,59
ORD10867,2025-04-17,West,Fall,Home & Kitchen,Appliances,Appliances,389.2,233.52,155.68,22
ORD10868,2025-11-15,North,Winter,Electronics,Audio,Audio,1081.34,865.07,216.27,27
ORD10869,2025-02-17,West,Summer,Clothing,Footwear,Footwear,1287.08,772.25,514.83,37
ORD10870,2025-03-02,North,Spring,Home & Kitchen,Cookware,Cookware,548.02,438.42,109.6,20
ORD10871,2025-12-03,North,Fall,Electronics,Laptops,Laptops,1141.05,1084.0,57.05,82
ORD10872,2025-01-26,North,Winter,Electronics,Smartphones,Smartphones,456.71,365.37,91.34,39
ORD10873,2025-10-19,East,Fall,Electronics,Laptops,Laptops,462.31,439.19,23.12,78
ORD10874,2025-09-14,West,Winter,Clothing,Footwear,Footwear,178.44,169.52,8.92,72
ORD10875,2025-01-08,North,Summer,Clothing,Men's Wear,Men's Wear,671.29,637.73,33.56,46
ORD10876,2025-04-23,West,Spring,Home & Kitchen,Furniture,Furniture,1099.97,879.98,219.99,34
ORD10877,2025-12-21,East,Winter,Clothing,Women's Wear,Women's Wear,1411.53,846.92,564.61,17
ORD10878,2025-09-10,North,Winter,Clothing,Footwear,Footwear,913.62,730.9,182.72,20
ORD10879,2025-06-29,South,Winter,Electronics,Smartphones,Smartphones,1297.44,778.46,518.98,9
ORD10880,2025-07-26,East,Winter,Electronics,Audio,Audio,1237.29,1175.43,61.86,72
ORD10881,2025-10-30,South,Spring,Electronics,Audio,Audio,276.55,165.93,110.62,43
ORD10882,2025-05-07,West,Spring,Electronics,Audio,Audio,739.01,591.21,147.8,24
ORD10883,2025-02-25,West,Summer,,Laptops,Laptops,193.05,115.83,,28
ORD10884,2025-08-02,East,Spring,Electronics,Accessories,Accessories,1029.59,978.11,51.48,71
ORD10885,2025-01-14,West,Winter,Electronics,Accessories,Accessories,1425.85,1354.56,71.29,74
ORD10886,2025-01-28,South,Summer,Home & Kitchen,Furniture,Furniture,222.89,133.73,89.16,31
ORD10887,2025-03-19,North,Summer,Home & Kitchen,Decor,Decor,1106.15,1050.84,55.31,70
ORD10888,2025-08-04,North,Summer,Home & Kitchen,Cookware,Cookware,955.71,573.43,382.28,11
ORD10889,2025-12-31,North,Winter,Home & Kitchen,Decor,Decor,883.74,706.99,176.75,42
ORD10890,2025-06-03,East,Fall,Electronics,Audio,Audio,597.38,567.51,29.87,49
ORD10891,2025-01-14,West,Winter,Home & Kitchen,Cookware,Cookware,545.59,327.35,218.24,27
ORD10892,2025-07-06,South,Spring,Electronics,Accessories,Accessories,86.97,100.02,-13.05,87
ORD10893,2025-11-08,West,Spring,Home & Kitchen,Decor,Decor,342.5,205.5,137.0,38
ORD10894,2025-01-07,West,Winter,Clothing,Footwear,Footwear,42.46,25.48,16.98,19
ORD10895,2025-01-03,West,Winter,Home & Kitchen,Appliances,Appliances,880.5,1012.57,-132.07,91
ORD10896,2025-04-21,North,Summer,Home & Kitchen,Cookware,Cookware,176.66,106.0,70.66,30
ORD10897,2025-08-26,South,Winter,Electronics,Smartphones,Smartphones,1312.07,1508.88,-196.81,107
ORD10898,2025-12-29,South,Summer,Home & Kitchen,Appliances,Appliances,794.25,913.39,-119.14,90
ORD10899,2025-08-27,West,Spring,,Men's Wear,Men's Wear,1055.54,633.32,,23
ORD10900,2025-10-01,North,Summer,Electronics,Smartphones,Smartphones,628.07,502.46,125.61,13
ORD10901,2025-10-21,North,Winter,Electronics,Accessories,Accessories,849.66,509.8,339.86,33
ORD10902,2025-08-15,South,Spring,Home & Kitchen,Decor,Decor,1415.14,1132.11,,43
ORD10903,2025-01-15,North,Fall,Electronics,Smartphones,Smartphones,142.45,85.47,56.98,8
ORD10904,2025-07-11,North,Summer,Electronics,Smartphones,Smartphones,395.83,237.5,158.33,7
ORD10905,2025-04-29,North,Spring,Electronics,Laptops,Laptops,1174.38,704.63,469.75,33
ORD10906,2025-01-28,East,Summer,Electronics,Audio,Audio,166.13,132.9,33.23,15
ORD10907,2025-07-21,West,Spring,Electronics,Smartphones,Smartphones,131.98,151.78,-19.8,92
ORD10908,2025-02-08,South,Spring,Electronics,Laptops,Laptops,555.08,527.33,27.75,82
ORD10909,2025-09-30,South,Summer,Clothing,Footwear,Footwear,156.41,148.59,7.82,55
ORD10910,2025-08-19,East,Fall,Home & Kitchen,Appliances,Appliances,885.92,708.74,177.18,31
ORD10911,2025-03-27,West,Spring,Clothing,Kids' Wear,Kids' Wear,354.89,337.15,17.74,77
ORD10912,2025-05-06,South,Spring,Electronics,Laptops,Laptops,1345.63,807.38,538.25,25
ORD10913,2025-10-27,North,Spring,Electronics,Accessories,Accessories,1179.58,1120.6,58.98,83
ORD10914,2025-01-25,South,Fall,Home & Kitchen,Furniture,Furniture,1055.56,1213.89,-158.33,90
ORD10915,2025-05-25,North,Fall,Clothing,Footwear,Footwear,933.08,559.85,373.23,42
ORD10916,2025-01-13,East,Winter,Home & Kitchen,Furniture,Furniture,1297.93,1038.34,259.59,6
ORD10917,2025-07-31,North,Summer,Clothing,Men's Wear,Men's Wear,350.13,332.62,17.51,71
ORD10918,2025-01-25,South,Fall,Electronics,Accessories,Accessories,1312.2,1509.03,-196.83,95
ORD10919,2025-03-09,South,Summer,Home & Kitchen,Furniture,Furniture,1188.45,1129.03,59.42,55
ORD10920,2025-03-08,South,Winter,Home & Kitchen,Appliances,Appliances,1127.28,676.37,450.91,22
ORD10921,2025-08-21,East,Summer,Electronics,Audio,Audio,850.66,510.4,340.26,5
ORD10922,2025-04-19,East,Fall,Home & Kitchen,Decor,Decor,384.44,230.66,153.78,39
ORD10923,2025-05-26,West,Summer,Clothing,Men's Wear,Men's Wear,646.85,614.51,32.34,79
ORD10924,2025-04-21,South,Fall,Clothing,Women's Wear,Women's Wear,1194.48,716.69,477.79,35
ORD10925,2025-08-16,North,Summer,Clothing,Kids' Wear,Kids' Wear,67.03,63.68,3.35,72
ORD10926,2025-04-21,East,Fall,Clothing,Kids' Wear,Kids' Wear,1177.44,706.46,470.98,43
ORD10927,2025-02-03,South,Fall,Electronics,Smartphones,Smartphones,375.3,225.18,150.12,5
ORD10928,2025-04-21,South,Summer,Home & Kitchen,Appliances,Appliances,233.58,186.86,46.72,29
ORD10929,2025-09-21,East,Winter,Clothing,Kids' Wear,Kids' Wear,191.24,181.68,9.56,87
ORD10930,2025-08-24,West,Spring,Electronics,Laptops,Laptops,60.33,36.2,24.13,42
ORD10931,2025-03-24,East,Winter,Home & Kitchen,Cookware,Cookware,794.91,635.93,158.98,24
ORD10932,2025-02-11,East,Summer,Home & Kitchen,Furniture,Furniture,343.02,274.42,68.6,7
ORD10933,2025-04-11,North,Winter,Electronics,Laptops,Laptops,1484.36,890.62,593.74,6
ORD10934,2025-01-06,North,Fall,Electronics,Smartphones,Smartphones,870.17,522.1,348.07,22
ORD10935,2025-06-29,West,Spring,Clothing,Footwear,Footwear,224.07,212.87,11.2,88
ORD10936,2025-10-09,South,Summer,Home & Kitchen,Furniture,Furniture,1039.37,831.5,207.87,14
ORD10937,2025-11-16,East,Summer,Home & Kitchen,Decor,Decor,1348.66,809.2,539.46,9
ORD10938,2025-08-14,West,Summer,,Smartphones,Smartphones,1122.87,1066.73,,53
ORD10939,2025-11-11,North,Spring,Home & Kitchen,Appliances,Appliances,133.13,153.1,-19.97,61
ORD10940,2025-12-31,East,Fall,Clothing,Women's Wear,Women's Wear,1345.91,1076.73,269.18,38
ORD10941,2025-08-17,South,Summer,Home & Kitchen,Decor,Decor,1195.02,956.02,239.0,42
ORD10942,2025-10-16,North,Winter,Electronics,Smartphones,Smartphones,254.29,241.58,12.71,75
ORD10943,2025-05-30,North,Summer,Electronics,Laptops,Laptops,96.64,111.14,-14.5,69
ORD10944,2025-10-04,North,Summer,Clothing,Men's Wear,Men's Wear,844.82,802.58,42.24,56
ORD10945,2025-07-17,West,Summer,Clothing,Women's Wear,Women's Wear,250.93,200.74,50.19,40
ORD10946,2025-03-11,South,Summer,Home & Kitchen,Cookware,Cookware,1255.19,1004.15,251.04,25
ORD10947,2025-04-22,East,Fall,Home & Kitchen,Furniture,Furniture,550.34,522.82,,50
ORD10948,2025-01-04,West,Winter,Electronics,Audio,Audio,1371.08,822.65,548.43,7
ORD10949,2025-12-16,West,Fall,Clothing,Footwear,Footwear,857.22,685.78,171.44,14
ORD10950,2025-11-27,West,Winter,Clothing,Kids' Wear,Kids' Wear,290.36,275.84,14.52,49
ORD10951,2025-11-14,North,Summer,Clothing,Women's Wear,Women's Wear,226.61,181.29,45.32,30
ORD10952,2025-12-16,South,Spring,Home & Kitchen,Appliances,Appliances,873.18,698.54,174.64,25
ORD10953,2025-04-05,West,Fall,Clothing,Kids' Wear,Kids' Wear,1147.59,918.07,229.52,30
ORD10954,2025-06-01,East,Spring,Electronics,Smartphones,Smartphones,1176.63,705.98,470.65,42
ORD10955,2025-11-07,South,Fall,Electronics,Smartphones,Smartphones,428.12,342.5,85.62,30
ORD10956,2025-05-17,East,Summer,Home & Kitchen,Furniture,Furniture,322.29,306.18,16.11,52
ORD10957,2025-09-04,South,Fall,Home & Kitchen,Cookware,Cookware,44.8,26.88,17.92,9
ORD10958,2025-08-31,East,Summer,Clothing,Men's Wear,Men's Wear,1025.21,615.13,410.08,19
ORD10959,2025-01-31,North,Fall,Home & Kitchen,Furniture,Furniture,133.32,153.32,-20.0,118
ORD10960,2025-02-09,West,Summer,Electronics,Laptops,Laptops,642.73,385.64,257.09,20
ORD10961,2025-08-17,East,Summer,Clothing,Women's Wear,Women's Wear,910.49,546.29,364.2,5
ORD10962,2025-02-05,South,Winter,Electronics,Audio,Audio,1406.92,1617.96,-211.04,75
ORD10963,2025-08-11,West,Summer,Clothing,Men's Wear,Men's Wear,481.47,457.4,24.07,81
ORD10964,2025-01-06,West,Winter,Home & Kitchen,Furniture,Furniture,389.66,311.73,77.93,7
ORD10965,2025-11-18,South,Summer,Clothing,Men's Wear,Men's Wear,988.16,938.75,49.41,75
ORD10966,2025-08-08,East,Spring,Clothing,Footwear,Footwear,936.47,561.88,374.59,17
ORD10967,2025-03-16,North,Summer,Electronics,Smartphones,Smartphones,511.52,485.94,25.58,60
ORD10968,2025-01-04,North,Spring,Electronics,Audio,Audio,1393.59,1114.87,278.72,25
ORD10969,2025-12-01,East,Spring,Clothing,Kids' Wear,Kids' Wear,1270.4,1206.88,63.52,46
ORD10970,2025-05-14,West,Summer,Home & Kitchen,Decor,Decor,351.49,281.19,70.3,31
ORD10971,2025-04-28,West,Spring,Home & Kitchen,Appliances,Appliances,373.93,299.14,74.79,42
ORD10972,2025-04-04,West,Winter,Electronics,Smartphones,Smartphones,778.2,622.56,155.64,30
ORD10973,2025-03-03,West,Fall,,Appliances,Appliances,1164.89,931.91,,42
ORD10974,2025-07-13,East,Summer,Electronics,Audio,Audio,85.18,80.92,4.26,69
ORD10975,2025-12-01,West,Spring,Home & Kitchen,Cookware,Cookware,1046.14,836.91,209.23,15
ORD10976,2025-07-22,South,Summer,Clothing,Kids' Wear,Kids' Wear,979.39,783.51,195.88,12
ORD10977,2025-01-26,West,Winter,Electronics,Accessories,Accessories,362.59,290.07,72.52,12
ORD10978,2025-06-22,North,Summer,Electronics,Smartphones,Smartphones,1028.4,822.72,205.68,37
ORD10979,2025-10-27,West,Summer,Clothing,Footwear,Footwear,1411.47,1340.9,70.57,51
ORD10980,2025-05-13,East,Spring,Electronics,Accessories,Accessories,89.24,84.78,4.46,82
ORD10981,2025-11-22,North,Winter,Home & Kitchen,Appliances,Appliances,493.09,394.47,98.62,25
ORD10982,2025-04-28,East,Fall,Home & Kitchen,Appliances,Appliances,668.5,768.78,-100.28,67
ORD10983,2025-11-20,East,Fall,Electronics,Accessories,Accessories,1350.91,1283.36,67.55,65
ORD10984,2025-10-02,North,Spring,Home & Kitchen,Cookware,Cookware,1444.15,1155.32,288.83,24
ORD10985,2025-07-31,East,Summer,Electronics,Audio,Audio,677.29,541.83,135.46,12
ORD10986,2025-08-13,East,Spring,Clothing,Men's Wear,Men's Wear,1130.04,1299.55,,117
ORD10987,2025-01-20,West,Spring,Electronics,Smartphones,Smartphones,806.86,645.49,161.37,35
ORD10988,2025-04-23,South,Spring,Clothing,Women's Wear,Women's Wear,815.92,775.12,40.8,73
ORD10989,2025-05-20,East,Summer,Home & Kitchen,Decor,Decor,431.59,345.27,86.32,13
ORD10990,2025-02-16,East,Winter,Clothing,Kids' Wear,Kids' Wear,341.1,272.88,68.22,19
ORD10991,2025-01-01,East,Spring,Home & Kitchen,Cookware,Cookware,446.25,267.75,178.5,34
ORD10992,2025-03-31,West,Summer,Electronics,Audio,Audio,843.37,674.7,168.67,30
ORD10993,2025-05-22,South,Winter,Home & Kitchen,Appliances,Appliances,63.15,72.62,-9.47,69
ORD10994,2025-11-16,North,Spring,Electronics,Laptops,Laptops,1362.73,1090.18,272.55,33
ORD10995,2025-02-07,West,Fall,Electronics,Audio,Audio,251.3,201.04,50.26,20
ORD10996,2025-10-20,West,Winter,Clothing,Men's Wear,Men's Wear,345.73,397.59,-51.86,95
ORD10997,2025-05-19,South,Spring,Clothing,Men's Wear,Men's Wear,787.05,629.64,157.41,24
ORD10998,2025-12-22,South,Winter,Clothing,Footwear,Footwear,1070.97,856.78,214.19,41
ORD10999,2025-11-29,West,Winter,Clothing,Men's Wear,Men's Wear,161.68,153.6,8.08,66
